SeqID	PtID	PubYear	RAL	RAL_res	EVG	EVG_res	DTG	DTG_res	BIC	BIC_res	CAB	CAB_res	CompMutList
100673	11630	2007	NA	NA	4.0	Resistant	NA	NA	NA	NA	NA	NA	E10D, H51Y, I72V, S123G, T124A, K127R, D232N
100674	11630	2007	1.4	Susceptible	14.5	Resistant	NA	NA	NA	NA	NA	NA	E10D, T66I, I72V, S123G, T124A, K127R, D232N
100675	11630	2007	9.8	Resistant	33.7	Resistant	NA	NA	NA	NA	NA	NA	E10D, T66I, I72V, F121Y, S123G, T124A, K127R, D232N
100676	11630	2007	1.0	Susceptible	37.4	Resistant	NA	NA	NA	NA	NA	NA	E10D, T66I, I72V, S123G, T124A, K127R, S153Y, D232N
100677	11630	2007	1.0	Susceptible	93.8	Resistant	NA	NA	NA	NA	NA	NA	E10D, T66I, I72V, S123G, T124A, K127R, D232N, R263K
100678	11630	2007	6.0	Resistant	32.5	Resistant	NA	NA	NA	NA	NA	NA	E10D, I72V, E92Q, S123G, T124A, K127R, D232N
100679	11630	2007	7.7	Resistant	76.0	Resistant	NA	NA	NA	NA	NA	NA	E10D, I72V, E92Q, S123G, T124A, K127R, S147G, D232N
100680	11630	2007	6.4	Resistant	100.0	Resistant	NA	NA	NA	NA	NA	NA	E10D, H51Y, I72V, E92Q, S123G, T124A, K127R, S147G, D232N
100681	11630	2007	5.7	Resistant	100.0	Resistant	NA	NA	NA	NA	NA	NA	E10D, H51Y, I72V, E92Q, S123G, T124A, K127R, S147G, E157Q, D232N
100682	11630	2007	6.9	Resistant	10.7	Resistant	NA	NA	NA	NA	NA	NA	E10D, I72V, F121Y, S123G, T124A, K127R, D232N
100683	11630	2007	NA	NA	8.0	Resistant	NA	NA	NA	NA	NA	NA	E10D, I72V, S123G, T124A, K127R, S147G, D232N
100684	11630	2007	1.6	Susceptible	4.4	Resistant	NA	NA	NA	NA	NA	NA	E10D, I72V, S123G, T124A, K127R, S153Y, D232N
100685	11630	2007	NA	NA	2.5	Susceptible	NA	NA	NA	NA	NA	NA	E10D, I72V, S123G, T124A, K127R, E157Q, D232N
100686	11630	2007	1.4	Susceptible	4.9	Resistant	NA	NA	NA	NA	NA	NA	E10D, I72V, S123G, T124A, K127R, D232N, R263K
105335	11630	2010	1.4	Susceptible	15.0	Resistant	NA	NA	NA	NA	NA	NA	T66I, I72V, I113V, L234V
105336	11630	2010	6.0	Resistant	33.0	Resistant	NA	NA	NA	NA	NA	NA	I72V, E92Q, I113V, L234V
105337	11630	2010	0.9	Susceptible	0.7	Susceptible	NA	NA	NA	NA	NA	NA	I72V, I113V, E138K, L234V
105338	11630	2010	2.0	Susceptible	5.0	Resistant	NA	NA	NA	NA	NA	NA	I72V, I113V, G140S, L234V
105339	11630	2010	1.0	Susceptible	8.0	Resistant	NA	NA	NA	NA	NA	NA	I72V, I113V, S147G, L234V
105340	11630	2010	20.0	Resistant	6.4	Resistant	NA	NA	NA	NA	NA	NA	I72V, I113V, Q148H, L234V
105341	11630	2010	34.0	Resistant	67.0	Resistant	NA	NA	NA	NA	NA	NA	I72V, I113V, Q148K, L234V
105342	11630	2010	30.0	Resistant	100.0	Resistant	NA	NA	NA	NA	NA	NA	I72V, I113V, Q148R, L234V
105343	11630	2010	23.0	Resistant	38.0	Resistant	NA	NA	NA	NA	NA	NA	I72V, I113V, N155H, L234V
105344	11630	2010	2.5	Susceptible	46.0	Resistant	NA	NA	NA	NA	NA	NA	T66I, I72V, I113V, S147G, L234V
105345	11630	2010	33.0	Resistant	100.0	Resistant	NA	NA	NA	NA	NA	NA	T66I, I72V, E92Q, I113V, L234V
105346	11630	2010	100.0	Resistant	100.0	Resistant	NA	NA	NA	NA	NA	NA	I72V, E92Q, I113V, N155H, L234V
105347	11630	2010	100.0	Resistant	100.0	Resistant	NA	NA	NA	NA	NA	NA	I72V, I113V, G140S, Q148H, L234V
105348	11630	2010	34.0	Resistant	100.0	Resistant	NA	NA	NA	NA	NA	NA	I72V, I113V, E138K, S147G, Q148R, L234V
123016	11630	2010	0.9	Susceptible	0.9	Susceptible	NA	NA	NA	NA	NA	NA	E10D, L68I, I72V, S123G, T124A, K127R, D232N
123017	11630	2010	1.0	Susceptible	1.6	Susceptible	NA	NA	NA	NA	NA	NA	E10D, L68V, I72V, S123G, T124A, K127R, D232N
123018	11630	2010	6.0	Resistant	40.0	Resistant	NA	NA	NA	NA	NA	NA	E10D, I72V, E92Q, S123G, T124A, K127R, D232N
123019	11630	2010	7.6	Resistant	43.0	Resistant	NA	NA	NA	NA	NA	NA	E10D, L68I, I72V, E92Q, S123G, T124A, K127R, D232N
123020	11630	2010	14.0	Resistant	67.0	Resistant	NA	NA	NA	NA	NA	NA	E10D, L68V, I72V, E92Q, S123G, T124A, K127R, D232N
123021	11630	2010	21.0	Resistant	36.0	Resistant	NA	NA	NA	NA	NA	NA	E10D, I72V, S123G, T124A, K127R, N155H, D232N
123022	11630	2010	24.0	Resistant	51.0	Resistant	NA	NA	NA	NA	NA	NA	E10D, L68V, I72V, S123G, T124A, K127R, N155H, D232N
123023	11630	2010	35.0	Resistant	100.0	Resistant	NA	NA	NA	NA	NA	NA	E10D, I72V, S123G, T124A, K127R, Q148R, D232N
123024	11630	2010	53.0	Resistant	100.0	Resistant	NA	NA	NA	NA	NA	NA	E10D, L68V, I72V, S123G, T124A, K127R, Q148R, D232N
123025	11630	2010	27.0	Resistant	50.0	Resistant	NA	NA	NA	NA	NA	NA	E10D, I72V, S123G, T124A, K127R, Q148K, D232N
123026	11630	2010	1.6	Susceptible	4.0	Resistant	NA	NA	NA	NA	NA	NA	E10D, I72V, S123G, T124A, K127R, G140S, D232N
123027	11630	2010	18.0	Resistant	5.3	Resistant	NA	NA	NA	NA	NA	NA	E10D, I72V, S123G, T124A, K127R, Q148H, D232N
123028	11630	2010	100.0	Resistant	100.0	Resistant	NA	NA	NA	NA	NA	NA	E10D, I72V, S123G, T124A, K127R, G140S, Q148H, D232N
123029	11630	2010	0.9	Susceptible	0.6	Susceptible	NA	NA	NA	NA	NA	NA	E10D, I72V, S123G, T124A, K127R, E138K, D232N
123030	11630	2010	1.0	Susceptible	9.4	Resistant	NA	NA	NA	NA	NA	NA	E10D, I72V, S123G, T124A, K127R, S147G, D232N
123031	11630	2010	34.0	Resistant	100.0	Resistant	NA	NA	NA	NA	NA	NA	E10D, I72V, S123G, T124A, K127R, E138K, S147G, Q148R, D232N
123032	11630	2010	100.0	Resistant	100.0	Resistant	NA	NA	NA	NA	NA	NA	E10D, I72V, E92Q, S123G, T124A, K127R, N155H, D232N
123033	11630	2010	100.0	Resistant	100.0	Resistant	NA	NA	NA	NA	NA	NA	E10D, I72V, S123G, T124A, K127R, Q148R, N155H, D232N
152019	11630	2012	20.0	Resistant	NA	NA	NA	NA	NA	NA	NA	NA	I72V, I113V, Y143R, L234V
152020	11630	2012	100.0	Resistant	NA	NA	NA	NA	NA	NA	NA	NA	I72V, T97A, I113V, Y143R, L234V
152021	11630	2012	3.5	Susceptible	NA	NA	NA	NA	NA	NA	NA	NA	I72V, I113V, Y143C, L234V
152022	11630	2012	100.0	Resistant	NA	NA	NA	NA	NA	NA	NA	NA	I72V, T97A, I113V, Y143C, L234V
152023	11630	2012	20.0	Resistant	NA	NA	NA	NA	NA	NA	NA	NA	I72V, I113V, N155H, L234V
152024	11630	2012	100.0	Resistant	NA	NA	NA	NA	NA	NA	NA	NA	I72V, E92Q, I113V, N155H, L234V
152025	11630	2012	30.0	Resistant	NA	NA	NA	NA	NA	NA	NA	NA	I72V, I113V, Q148R, L234V
152026	11630	2012	100.0	Resistant	NA	NA	NA	NA	NA	NA	NA	NA	I72V, I113V, G140S, Q148R, L234V
152027	11630	2012	20.0	Resistant	NA	NA	NA	NA	NA	NA	NA	NA	I72V, I113V, Q148H, L234V
152028	11630	2012	100.0	Resistant	NA	NA	NA	NA	NA	NA	NA	NA	I72V, I113V, G140S, Q148H, L234V
170341	11630	2012	6.0	Resistant	NA	NA	2.0	Susceptible	NA	NA	NA	NA	E92Q
170342	11630	2012	20.0	Resistant	NA	NA	0.5	Susceptible	NA	NA	NA	NA	Q148H
170343	11630	2012	53.0	Resistant	NA	NA	0.8	Susceptible	NA	NA	NA	NA	Q148K
170344	11630	2012	32.0	Resistant	NA	NA	0.8	Susceptible	NA	NA	NA	NA	Q148R
170345	11630	2012	2.0	Susceptible	NA	NA	2.5	Susceptible	NA	NA	NA	NA	S153Y
170346	11630	2012	17.0	Resistant	NA	NA	1.8	Susceptible	NA	NA	NA	NA	N155H
170347	11630	2012	80.0	Resistant	NA	NA	2.4	Susceptible	NA	NA	NA	NA	E92Q, N155H
170348	11630	2012	87.0	Resistant	NA	NA	4.1	Resistant	NA	NA	NA	NA	G140S, Q148H
170349	11630	2012	87.0	Resistant	NA	NA	4.0	Resistant	NA	NA	NA	NA	G140S, Q148R
170350	11630	2012	81.0	Resistant	NA	NA	7.0	Resistant	NA	NA	NA	NA	E138K, Q148K
170351	11630	2012	75.0	Resistant	NA	NA	2.1	Susceptible	NA	NA	NA	NA	E138K, Q148R
181531	11630	2009	16.0	Resistant	NA	NA	NA	NA	NA	NA	NA	NA	I72V, I113V, N155H, L234V
181535	11630	2009	34.0	Resistant	NA	NA	NA	NA	NA	NA	NA	NA	I72V, I113V, Q148R, L234V
181539	11630	2009	79.0	Resistant	NA	NA	NA	NA	NA	NA	NA	NA	I72V, I113V, E138K, Q148R, L234V
181541	11630	2009	100.0	Resistant	NA	NA	NA	NA	NA	NA	NA	NA	I72V, I113V, G140A, Q148R, L234V
181543	11630	2009	18.0	Resistant	NA	NA	NA	NA	NA	NA	NA	NA	I72V, I113V, Q148H, L234V
181547	11630	2009	20.0	Resistant	NA	NA	NA	NA	NA	NA	NA	NA	I72V, I113V, E138K, Q148H, L234V
181549	11630	2009	100.0	Resistant	NA	NA	NA	NA	NA	NA	NA	NA	I72V, I113V, G140A, Q148H, L234V
181551	11630	2009	43.0	Resistant	NA	NA	NA	NA	NA	NA	NA	NA	I72V, I113V, Q148K, L234V
181553	11630	2009	6.0	Resistant	NA	NA	NA	NA	NA	NA	NA	NA	I72V, I113V, G140S, Q148K, L234V
181555	11630	2009	100.0	Resistant	NA	NA	NA	NA	NA	NA	NA	NA	I72V, I113V, E138K, Q148K, L234V
181557	11630	2009	100.0	Resistant	NA	NA	NA	NA	NA	NA	NA	NA	I72V, I113V, G140A, Q148K, L234V
219526	11630	2013	0.9	Susceptible	7.6	Resistant	0.3	Susceptible	NA	NA	NA	NA	T66A
219527	11630	2013	1.1	Susceptible	4.1	Resistant	1.0	Susceptible	NA	NA	NA	NA	S147G
219528	11630	2013	15.0	Resistant	4.9	Resistant	0.4	Susceptible	NA	NA	NA	NA	Q148H
219529	11630	2013	37.0	Resistant	94.0	Resistant	1.5	Susceptible	NA	NA	NA	NA	Q148K
219530	11630	2013	29.0	Resistant	92.0	Resistant	1.1	Susceptible	NA	NA	NA	NA	Q148R
219531	11630	2013	12.0	Resistant	30.0	Resistant	1.3	Susceptible	NA	NA	NA	NA	N155H
219532	11630	2013	13.0	Resistant	94.0	Resistant	0.6	Susceptible	NA	NA	NA	NA	T66I, E92Q
219533	11630	2013	53.0	Resistant	94.0	Resistant	3.4	Susceptible	NA	NA	NA	NA	T66I, Q148R
219534	11630	2013	19.0	Resistant	94.0	Resistant	1.1	Susceptible	NA	NA	NA	NA	T66I, N155H
219535	11630	2013	95.0	Resistant	94.0	Resistant	4.2	Resistant	NA	NA	NA	NA	E92Q, Q148R
219536	11630	2013	65.0	Resistant	94.0	Resistant	1.9	Susceptible	NA	NA	NA	NA	E92Q, N155H
219537	11630	2013	0.9	Susceptible	9.7	Resistant	0.3	Susceptible	NA	NA	NA	NA	T66I
219538	11630	2013	100.0	Resistant	94.0	Resistant	6.4	Resistant	NA	NA	NA	NA	Q148R, N155H
219539	11630	2013	8.0	Resistant	40.0	Resistant	1.7	Susceptible	NA	NA	NA	NA	T66K
219540	11630	2013	1.5	Susceptible	9.0	Resistant	1.0	Susceptible	NA	NA	NA	NA	E92G
219541	11630	2013	4.5	Resistant	26.0	Resistant	1.3	Susceptible	NA	NA	NA	NA	E92Q
219542	11630	2013	1.2	Susceptible	2.4	Susceptible	0.5	Susceptible	NA	NA	NA	NA	T97A
219543	11630	2013	3.4	Susceptible	1.1	Susceptible	0.8	Susceptible	NA	NA	NA	NA	Y143C
219544	11630	2013	2.1	Susceptible	1.2	Susceptible	0.9	Susceptible	NA	NA	NA	NA	Y143H
219545	11630	2013	18.0	Resistant	2.1	Susceptible	1.3	Susceptible	NA	NA	NA	NA	Y143R
255237	11630	2013	1.0	Susceptible	2.0	Susceptible	1.0	Susceptible	NA	NA	NA	NA	H51Y, I72V, I113V, L234V
255238	11630	2013	1.0	Susceptible	3.0	Susceptible	2.0	Susceptible	NA	NA	NA	NA	I72V, I113V, L234V, R263K
255239	11630	2013	3.0	Susceptible	42.0	Resistant	7.0	Resistant	NA	NA	NA	NA	H51Y, I72V, I113V, L234V, R263K
259377	11630	2013	30.9	Resistant	4.1	Resistant	NA	NA	NA	NA	NA	NA	I72V, L74M, I113V, Y143R, L234V
259378	11630	2013	23.9	Resistant	5.0	Resistant	NA	NA	NA	NA	NA	NA	I72V, L74M, T97A, I113V, Y143S, L234V
259379	11630	2013	21.8	Resistant	3.0	Susceptible	NA	NA	NA	NA	NA	NA	I72V, I113V, Y143R, G163R, L234V
259380	11630	2013	14.1	Resistant	3.5	Susceptible	NA	NA	NA	NA	NA	NA	I72V, T97A, I113V, Y143S, L234V
259381	11630	2013	100.0	Resistant	61.0	Resistant	NA	NA	NA	NA	NA	NA	I72V, L74M, T97A, I113V, Y143A, S230R, L234V
259382	11630	2013	23.1	Resistant	4.6	Resistant	NA	NA	NA	NA	NA	NA	I72V, I113V, Y143A, G163R, L234V
259383	11630	2013	4.4	Resistant	1.5	Susceptible	NA	NA	NA	NA	NA	NA	I72V, I113V, Y143C, L234V
259384	11630	2013	39.0	Resistant	8.8	Resistant	NA	NA	NA	NA	NA	NA	I72V, L74I, T97A, I113V, Y143G, L234V
259385	11630	2013	100.0	Resistant	45.0	Resistant	NA	NA	NA	NA	NA	NA	I72V, L74M, T97A, I113V, Y143R, S230R, L234V
259386	11630	2013	14.8	Resistant	3.2	Susceptible	NA	NA	NA	NA	NA	NA	I72V, I113V, Y143G, G163R, L234V
259387	11630	2013	45.0	Resistant	9.8	Resistant	NA	NA	NA	NA	NA	NA	I72V, L74I, T97A, I113V, Y143A, L234V
259388	11630	2013	6.7	Resistant	2.2	Susceptible	NA	NA	NA	NA	NA	NA	I72V, L74M, I113V, Y143C, L234V
259389	11630	2013	9.9	Resistant	3.9	Susceptible	NA	NA	NA	NA	NA	NA	I72V, L74M, T97A, I113V, Y143H, L234V
259390	11630	2013	100.0	Resistant	55.0	Resistant	NA	NA	NA	NA	NA	NA	I72V, L74I, T97A, I113V, Y143G, S230R, L234V
259391	11630	2013	12.7	Resistant	4.4	Resistant	NA	NA	NA	NA	NA	NA	I72V, T97A, I113V, Y143H, G163R, L234V
259392	11630	2013	2.7	Susceptible	1.8	Susceptible	NA	NA	NA	NA	NA	NA	I72V, I113V, Y143H, G163R, L234V
259393	11630	2013	100.0	Resistant	34.0	Resistant	NA	NA	NA	NA	NA	NA	I72V, L74I, T97A, I113V, Y143R, S230R, L234V
259394	11630	2013	11.1	Resistant	4.4	Resistant	NA	NA	NA	NA	NA	NA	I72V, L74I, T97A, I113V, Y143H, L234V
259395	11630	2013	7.1	Resistant	2.7	Susceptible	NA	NA	NA	NA	NA	NA	I72V, L74M, I113V, Y143S, L234V
259396	11630	2013	15.2	Resistant	2.9	Susceptible	NA	NA	NA	NA	NA	NA	I72V, L74M, T97A, I113V, Y143C, L234V
259397	11630	2013	100.0	Resistant	34.0	Resistant	NA	NA	NA	NA	NA	NA	I72V, T97A, I113V, Y143R, G163R, L234V
259398	11630	2013	7.7	Resistant	3.0	Susceptible	NA	NA	NA	NA	NA	NA	I72V, L74I, I113V, Y143S, L234V
259399	11630	2013	19.6	Resistant	2.9	Susceptible	NA	NA	NA	NA	NA	NA	I72V, I113V, Y143R, L234V
259400	11630	2013	22.3	Resistant	9.0	Resistant	NA	NA	NA	NA	NA	NA	I72V, L74M, T97A, I113V, Y143H, S230R, L234V
259401	11630	2013	100.0	Resistant	39.0	Resistant	NA	NA	NA	NA	NA	NA	I72V, T97A, I113V, Y143R, S230R, L234V
259402	11630	2013	20.5	Resistant	7.0	Resistant	NA	NA	NA	NA	NA	NA	I72V, L74I, T97A, I113V, Y143H, S230R, L234V
259403	11630	2013	8.2	Resistant	1.6	Susceptible	NA	NA	NA	NA	NA	NA	I72V, I113V, Y143C, G163R, L234V
259404	11630	2013	100.0	Resistant	25.0	Resistant	NA	NA	NA	NA	NA	NA	I72V, L74M, T97A, I113V, Y143R, L234V
259405	11630	2013	18.7	Resistant	5.9	Resistant	NA	NA	NA	NA	NA	NA	I72V, I113V, Y143S, S230R, L234V
259406	11630	2013	40.0	Resistant	8.0	Resistant	NA	NA	NA	NA	NA	NA	I72V, L74M, T97A, I113V, Y143A, L234V
259407	11630	2013	100.0	Resistant	55.0	Resistant	NA	NA	NA	NA	NA	NA	I72V, L74M, T97A, I113V, Y143G, S230R, L234V
259408	11630	2013	3.9	Susceptible	2.5	Susceptible	NA	NA	NA	NA	NA	NA	I72V, I113V, Y143H, S230R, L234V
259409	11630	2013	91.6	Resistant	26.0	Resistant	NA	NA	NA	NA	NA	NA	I72V, T97A, I113V, Y143S, S230R, L234V
259410	11630	2013	100.0	Resistant	49.0	Resistant	NA	NA	NA	NA	NA	NA	I72V, L74I, T97A, I113V, Y143S, S230R, L234V
259411	11630	2013	24.2	Resistant	4.5	Resistant	NA	NA	NA	NA	NA	NA	I72V, I113V, Y143R, S230R, L234V
259412	11630	2013	67.4	Resistant	18.0	Resistant	NA	NA	NA	NA	NA	NA	I72V, T97A, I113V, Y143A, G163R, L234V
259413	11630	2013	76.1	Resistant	25.0	Resistant	NA	NA	NA	NA	NA	NA	I72V, T97A, I113V, Y143C, S230R, L234V
259414	11630	2013	11.2	Resistant	3.1	Susceptible	NA	NA	NA	NA	NA	NA	I72V, L74I, I113V, Y143G, L234V
259415	11630	2013	100.0	Resistant	50.0	Resistant	NA	NA	NA	NA	NA	NA	I72V, L74M, T97A, I113V, Y143S, S230R, L234V
259416	11630	2013	8.0	Resistant	2.5	Susceptible	NA	NA	NA	NA	NA	NA	I72V, I113V, Y143A, L234V
259417	11630	2013	100.0	Resistant	53.0	Resistant	NA	NA	NA	NA	NA	NA	I72V, T97A, I113V, Y143A, S230R, L234V
259418	11630	2013	100.0	Resistant	33.0	Resistant	NA	NA	NA	NA	NA	NA	I72V, L74M, T97A, I113V, Y143C, S230R, L234V
259419	11630	2013	10.0	Resistant	2.8	Susceptible	NA	NA	NA	NA	NA	NA	I72V, T97A, I113V, Y143C, L234V
259420	11630	2013	27.9	Resistant	4.9	Resistant	NA	NA	NA	NA	NA	NA	I72V, T97A, I113V, Y143C, G163R, L234V
259421	11630	2013	24.3	Resistant	7.1	Resistant	NA	NA	NA	NA	NA	NA	I72V, I113V, Y143G, S230R, L234V
259422	11630	2013	3.2	Susceptible	1.9	Susceptible	NA	NA	NA	NA	NA	NA	I72V, L74M, I113V, Y143H, L234V
259423	11630	2013	11.1	Resistant	3.0	Susceptible	NA	NA	NA	NA	NA	NA	I72V, L74M, I113V, Y143G, L234V
259424	11630	2013	15.6	Resistant	4.1	Resistant	NA	NA	NA	NA	NA	NA	I72V, L74I, I113V, Y143A, L234V
259425	11630	2013	100.0	Resistant	49.0	Resistant	NA	NA	NA	NA	NA	NA	I72V, T97A, I113V, Y143G, S230R, L234V
259426	11630	2013	15.3	Resistant	4.0	Resistant	NA	NA	NA	NA	NA	NA	I72V, L74M, I113V, Y143A, L234V
259427	11630	2013	13.0	Resistant	5.1	Resistant	NA	NA	NA	NA	NA	NA	I72V, T97A, I113V, Y143H, S230R, L234V
259428	11630	2013	70.0	Resistant	8.0	Resistant	NA	NA	NA	NA	NA	NA	I72V, T97A, I113V, Y143R, L234V
259429	11630	2013	4.1	Resistant	2.3	Susceptible	NA	NA	NA	NA	NA	NA	I72V, L74I, I113V, Y143H, L234V
259430	11630	2013	6.8	Resistant	2.6	Susceptible	NA	NA	NA	NA	NA	NA	I72V, T97A, I113V, Y143H, L234V
259431	11630	2013	38.9	Resistant	4.3	Resistant	NA	NA	NA	NA	NA	NA	I72V, L74I, I113V, Y143R, L234V
259432	11630	2013	6.2	Resistant	2.1	Susceptible	NA	NA	NA	NA	NA	NA	I72V, I113V, Y143G, L234V
259433	11630	2013	9.5	Resistant	2.4	Susceptible	NA	NA	NA	NA	NA	NA	I72V, I113V, Y143S, G163R, L234V
259434	11630	2013	39.0	Resistant	9.1	Resistant	NA	NA	NA	NA	NA	NA	I72V, I113V, Y143A, S230R, L234V
259435	11630	2013	32.9	Resistant	6.8	Resistant	NA	NA	NA	NA	NA	NA	I72V, L74M, T97A, I113V, Y143G, L234V
259436	11630	2013	100.0	Resistant	35.0	Resistant	NA	NA	NA	NA	NA	NA	I72V, L74I, T97A, I113V, Y143C, S230R, L234V
259437	11630	2013	60.3	Resistant	9.8	Resistant	NA	NA	NA	NA	NA	NA	I72V, T97A, I113V, Y143G, G163R, L234V
259438	11630	2013	4.8	Resistant	1.7	Susceptible	NA	NA	NA	NA	NA	NA	I72V, I113V, Y143S, L234V
259439	11630	2013	100.0	Resistant	66.0	Resistant	NA	NA	NA	NA	NA	NA	I72V, L74I, T97A, I113V, Y143A, S230R, L234V
259440	11630	2013	21.2	Resistant	4.2	Resistant	NA	NA	NA	NA	NA	NA	I72V, L74I, T97A, I113V, Y143C, L234V
259441	11630	2013	27.2	Resistant	7.1	Resistant	NA	NA	NA	NA	NA	NA	I72V, T97A, I113V, Y143A, L234V
259442	11630	2013	100.0	Resistant	29.0	Resistant	NA	NA	NA	NA	NA	NA	I72V, L74I, T97A, I113V, Y143R, L234V
259443	11630	2013	16.4	Resistant	4.0	Resistant	NA	NA	NA	NA	NA	NA	I72V, T97A, I113V, Y143G, L234V
259444	11630	2013	2.6	Susceptible	1.4	Susceptible	NA	NA	NA	NA	NA	NA	I72V, I113V, Y143H, L234V
259445	11630	2013	7.3	Resistant	2.2	Susceptible	NA	NA	NA	NA	NA	NA	I72V, L74I, I113V, Y143C, L234V
259446	11630	2013	24.2	Resistant	5.1	Resistant	NA	NA	NA	NA	NA	NA	I72V, L74I, T97A, I113V, Y143S, L234V
259447	11630	2013	15.0	Resistant	4.5	Resistant	NA	NA	NA	NA	NA	NA	I72V, I113V, Y143C, S230R, L234V
259448	11630	2013	37.9	Resistant	5.2	Resistant	NA	NA	NA	NA	NA	NA	I72V, T97A, I113V, Y143S, G163R, L234V
402079	11630	2016	1.4	Susceptible	5.0	Resistant	0.8	Susceptible	NA	NA	NA	NA	G140S
402080	11630	2016	1.0	Susceptible	2.8	Susceptible	1.2	Susceptible	NA	NA	NA	NA	H51Y
402081	11630	2016	1.4	Susceptible	1.4	Susceptible	1.6	Susceptible	NA	NA	NA	NA	E157K
402083	11630	2016	0.8	Susceptible	2.2	Susceptible	0.8	Susceptible	NA	NA	NA	NA	Q146K
402086	11630	2016	1.0	Susceptible	4.2	Resistant	0.6	Susceptible	NA	NA	NA	NA	I72A
402087	11630	2016	1.1	Susceptible	6.1	Resistant	0.6	Susceptible	NA	NA	NA	NA	I72N
402089	11630	2016	1.0	Susceptible	15.0	Resistant	1.3	Susceptible	NA	NA	NA	NA	Q146L
402090	11630	2016	1.3	Susceptible	1.8	Susceptible	1.1	Susceptible	NA	NA	NA	NA	E157Q
402092	11630	2016	1.2	Susceptible	1.6	Susceptible	1.0	Susceptible	NA	NA	NA	NA	E170A
402093	11630	2016	1.0	Susceptible	1.9	Susceptible	0.9	Susceptible	NA	NA	NA	NA	S119P
402095	11630	2016	1.4	Susceptible	2.7	Susceptible	0.8	Susceptible	NA	NA	NA	NA	V151A
402096	11630	2016	1.2	Susceptible	1.5	Susceptible	0.9	Susceptible	NA	NA	NA	NA	G163K
402097	11630	2016	1.4	Susceptible	2.9	Susceptible	0.6	Susceptible	NA	NA	NA	NA	T97A
402098	11630	2016	0.9	Susceptible	1.7	Susceptible	0.6	Susceptible	NA	NA	NA	NA	L68V
402100	11630	2016	0.9	Susceptible	1.9	Susceptible	0.7	Susceptible	NA	NA	NA	NA	L68I
402101	11630	2016	1.2	Susceptible	2.7	Susceptible	1.9	Susceptible	NA	NA	NA	NA	S153F
402103	11630	2016	0.7	Susceptible	28.0	Resistant	0.3	Susceptible	NA	NA	NA	NA	P145S
402104	11630	2016	1.1	Susceptible	6.1	Resistant	0.5	Susceptible	NA	NA	NA	NA	G140C
402105	11630	2016	1.2	Susceptible	1.7	Susceptible	0.7	Susceptible	NA	NA	NA	NA	L74M
402106	11630	2016	2.7	Susceptible	5.4	Resistant	0.7	Susceptible	NA	NA	NA	NA	G140A
402107	11630	2016	1.3	Susceptible	1.9	Susceptible	1.1	Susceptible	NA	NA	NA	NA	Q95K
402109	11630	2016	1.2	Susceptible	1.7	Susceptible	1.0	Susceptible	NA	NA	NA	NA	Q95R
402110	11630	2016	1.3	Susceptible	1.6	Susceptible	1.0	Susceptible	NA	NA	NA	NA	S119T
402111	11630	2016	0.8	Susceptible	1.2	Susceptible	0.9	Susceptible	NA	NA	NA	NA	E138K
402113	11630	2016	1.1	Susceptible	4.6	Resistant	1.7	Susceptible	NA	NA	NA	NA	R263K
402114	11630	2016	1.1	Susceptible	2.4	Susceptible	0.9	Susceptible	NA	NA	NA	NA	I72T
402115	11630	2016	0.8	Susceptible	6.5	Resistant	0.5	Susceptible	NA	NA	NA	NA	Q146P
402116	11630	2016	3.2	Susceptible	100.0	Resistant	2.2	Susceptible	NA	NA	NA	NA	Q146I
402117	11630	2016	1.3	Susceptible	1.8	Susceptible	1.1	Susceptible	NA	NA	NA	NA	G163R
402118	11630	2016	15.0	Resistant	20.0	Resistant	1.6	Susceptible	NA	NA	NA	NA	V151L
402119	11630	2016	1.2	Susceptible	1.5	Susceptible	1.1	Susceptible	NA	NA	NA	NA	A128T
402120	11630	2016	1.1	Susceptible	1.3	Susceptible	0.9	Susceptible	NA	NA	NA	NA	E138A
402121	11630	2016	1.6	Susceptible	4.9	Resistant	1.4	Susceptible	NA	NA	NA	NA	Q146R
402122	11630	2016	1.2	Susceptible	3.0	Susceptible	2.1	Susceptible	NA	NA	NA	NA	S153Y
402123	11630	2016	0.9	Susceptible	1.9	Susceptible	1.0	Susceptible	NA	NA	NA	NA	S153A
402125	11630	2016	1.2	Susceptible	1.5	Susceptible	1.1	Susceptible	NA	NA	NA	NA	M50I
402127	11630	2016	1.3	Susceptible	2.1	Susceptible	1.1	Susceptible	NA	NA	NA	NA	S119R
402128	11630	2016	1.1	Susceptible	1.5	Susceptible	0.9	Susceptible	NA	NA	NA	NA	S119G
402130	11630	2016	5.3	Resistant	16.0	Resistant	0.6	Susceptible	NA	NA	NA	NA	F121Y
465597	11630	2018	0.8	Susceptible	8.6	Resistant	0.4	Susceptible	0.4	Susceptible	NA	NA	T66I
465598	11630	2018	1.4	Susceptible	2.2	Susceptible	1.1	Susceptible	1.4	Susceptible	NA	NA	S153F
465599	11630	2018	0.6	Susceptible	30.0	Resistant	0.6	Susceptible	0.6	Susceptible	NA	NA	T66I, S153F
465600	11630	2018	1.3	Susceptible	0.8	Susceptible	0.8	Susceptible	1.0	Susceptible	NA	NA	E157K
465601	11630	2018	1.1	Susceptible	2.4	Susceptible	1.7	Susceptible	2.0	Susceptible	NA	NA	S153Y
465602	11630	2018	0.6	Susceptible	1.3	Susceptible	1.2	Susceptible	1.2	Susceptible	NA	NA	L234F
465603	11630	2018	0.7	Susceptible	3.0	Susceptible	1.9	Susceptible	2.2	Susceptible	NA	NA	S153Y, L234F
465604	11630	2018	100.0	Resistant	100.0	Resistant	1.0	Susceptible	2.1	Susceptible	NA	NA	T66I, Q148K
465605	11630	2018	100.0	Resistant	100.0	Resistant	3.2	Susceptible	4.4	Resistant	NA	NA	E138K, Q148K
465606	11630	2018	100.0	Resistant	100.0	Resistant	34.0	Resistant	54.0	Resistant	NA	NA	T66I, E138K, Q148K
465607	11630	2018	100.0	Resistant	100.0	Resistant	3.3	Susceptible	3.7	Resistant	NA	NA	T66I, E138K, Q148R
465608	11630	2018	22.0	Resistant	69.0	Resistant	0.7	Susceptible	0.9	Susceptible	NA	NA	Q148K
465609	11630	2018	0.7	Susceptible	0.9	Susceptible	0.7	Susceptible	0.8	Susceptible	NA	NA	E138K
465610	11630	2018	1.1	Susceptible	1.0	Susceptible	0.6	Susceptible	0.5	Susceptible	NA	NA	NA
465611	11630	2018	0.7	Susceptible	2.1	Susceptible	1.2	Susceptible	2.0	Susceptible	NA	NA	S153Y
465612	11630	2018	1.2	Susceptible	2.8	Susceptible	0.6	Susceptible	0.6	Susceptible	NA	NA	G140A
465613	11630	2018	77.0	Resistant	100.0	Resistant	2.8	Susceptible	2.3	Susceptible	NA	NA	G140A, Q148R
465614	11630	2018	100.0	Resistant	100.0	Resistant	13.0	Resistant	18.0	Resistant	NA	NA	E138K, G140A, Q148R
465615	11630	2018	1.0	Susceptible	2.4	Susceptible	0.9	Susceptible	1.1	Susceptible	NA	NA	G140E
465617	11630	2018	0.7	Susceptible	3.3	Susceptible	1.1	Susceptible	1.1	Susceptible	NA	NA	S147G
465618	11630	2018	4.3	Resistant	24.0	Resistant	1.3	Susceptible	1.1	Susceptible	NA	NA	E92Q
465619	11630	2018	1.0	Susceptible	1.0	Susceptible	0.5	Susceptible	0.4	Susceptible	NA	NA	L74M
465620	11630	2018	25.0	Resistant	54.0	Resistant	2.3	Susceptible	1.4	Susceptible	NA	NA	E92Q, G140A
465621	11630	2018	51.0	Resistant	100.0	Resistant	1.7	Susceptible	1.6	Susceptible	NA	NA	E138K, Q148R
465622	11630	2018	99.0	Resistant	100.0	Resistant	2.2	Susceptible	2.1	Susceptible	NA	NA	Q148R, N155H
465623	11630	2018	27.0	Resistant	81.0	Resistant	0.6	Susceptible	0.6	Susceptible	NA	NA	Q148R
465624	11630	2018	7.2	Resistant	23.0	Resistant	1.5	Susceptible	1.5	Susceptible	NA	NA	L45Q, T115H
465625	11630	2018	0.6	Susceptible	3.2	Susceptible	0.7	Susceptible	0.7	Susceptible	NA	NA	I72A
465626	11630	2018	8.2	Resistant	36.0	Resistant	1.1	Susceptible	1.0	Susceptible	NA	NA	I72A, N155H
465627	11630	2018	4.6	Resistant	17.0	Resistant	1.5	Susceptible	1.4	Susceptible	NA	NA	S24G, N155H, D253E
465628	11630	2018	12.0	Resistant	30.0	Resistant	1.2	Susceptible	1.2	Susceptible	NA	NA	N155H
465629	11630	2018	0.7	Susceptible	84.0	Resistant	1.3	Susceptible	1.5	Susceptible	NA	NA	T66I, R263K
465630	11630	2018	1.0	Susceptible	2.6	Susceptible	1.5	Susceptible	1.6	Susceptible	NA	NA	R263K
467183	11630	2019	1.6	Susceptible	3.8	Susceptible	0.6	Susceptible	0.6	Susceptible	NA	NA	T97A
467184	11630	2018	1.1	Susceptible	2.0	Susceptible	0.7	Susceptible	0.8	Susceptible	NA	NA	T97S
467185	11630	2018	1.0	Susceptible	1.8	Susceptible	0.6	Susceptible	0.5	Susceptible	NA	NA	T97I
467186	11630	2018	1.5	Susceptible	2.8	Susceptible	0.6	Susceptible	0.4	Susceptible	NA	NA	T97V
467187	11630	2019	1.1	Susceptible	1.5	Susceptible	1.1	Susceptible	1.0	Susceptible	NA	NA	M50I
467188	11630	2018	1.2	Susceptible	2.0	Susceptible	1.1	Susceptible	0.9	Susceptible	NA	NA	G70R
467189	11630	2018	1.2	Susceptible	1.8	Susceptible	1.0	Susceptible	1.0	Susceptible	NA	NA	NA
467190	11630	2018	1.1	Susceptible	1.7	Susceptible	1.0	Susceptible	0.9	Susceptible	NA	NA	L74I
467191	11630	2019	1.2	Susceptible	1.7	Susceptible	0.7	Susceptible	0.7	Susceptible	NA	NA	L74M
467192	11630	2018	0.8	Susceptible	1.1	Susceptible	0.7	Susceptible	0.7	Susceptible	NA	NA	A91E
467193	11630	2018	6.2	Resistant	4.9	Resistant	6.1	Resistant	3.4	Susceptible	NA	NA	G118R
467194	11630	2019	1.1	Susceptible	1.5	Susceptible	0.9	Susceptible	0.8	Susceptible	NA	NA	S119G
467195	11630	2019	1.0	Susceptible	1.9	Susceptible	0.9	Susceptible	0.9	Susceptible	NA	NA	S119P
467196	11630	2019	1.3	Susceptible	2.1	Susceptible	1.1	Susceptible	1.1	Susceptible	NA	NA	S119R
467197	11630	2019	1.3	Susceptible	1.6	Susceptible	1.0	Susceptible	0.9	Susceptible	NA	NA	S119T
467198	11630	2019	5.3	Resistant	16.0	Resistant	0.6	Susceptible	0.4	Susceptible	NA	NA	F121Y
467199	11630	2018	1.1	Susceptible	1.5	Susceptible	1.0	Susceptible	1.0	Susceptible	NA	NA	T122I
467200	11630	2019	1.3	Susceptible	1.8	Susceptible	1.1	Susceptible	1.1	Susceptible	NA	NA	G163R
467201	11630	2018	1.6	Susceptible	3.5	Susceptible	0.7	Susceptible	0.6	Susceptible	NA	NA	M50I, T97A
467202	11630	2018	2.0	Susceptible	3.7	Susceptible	0.6	Susceptible	0.5	Susceptible	NA	NA	T97A
467203	11630	2018	2.5	Susceptible	3.7	Susceptible	0.7	Susceptible	0.6	Susceptible	NA	NA	L74I, T97A
467204	11630	2018	2.8	Susceptible	4.9	Resistant	0.6	Susceptible	0.5	Susceptible	NA	NA	L74M, T97A
467205	11630	2018	20.0	Resistant	8.6	Resistant	11.0	Resistant	2.8	Susceptible	NA	NA	T97A, G118R
467206	11630	2018	2.5	Susceptible	5.8	Resistant	0.7	Susceptible	0.3	Susceptible	NA	NA	T97A, S119G
467207	11630	2018	2.2	Susceptible	9.5	Resistant	0.6	Susceptible	0.5	Susceptible	NA	NA	T97A, S119P
467208	11630	2018	3.5	Susceptible	13.0	Resistant	1.1	Susceptible	0.7	Susceptible	NA	NA	T97A, S119R
467209	11630	2018	2.0	Susceptible	5.2	Resistant	0.6	Susceptible	0.4	Susceptible	NA	NA	T97A, S119T
467210	11630	2018	2.2	Susceptible	2.9	Susceptible	1.2	Susceptible	1.0	Susceptible	NA	NA	T97A, G163R
467211	11630	2018	1.6	Susceptible	2.3	Susceptible	0.7	Susceptible	0.5	Susceptible	NA	NA	L74M
467212	11630	2018	1.5	Susceptible	1.7	Susceptible	1.1	Susceptible	0.9	Susceptible	NA	NA	T122I
467213	11630	2018	0.9	Susceptible	2.4	Susceptible	0.7	Susceptible	0.6	Susceptible	NA	NA	L74M, S119P
467214	11630	2018	1.7	Susceptible	2.8	Susceptible	0.9	Susceptible	0.7	Susceptible	NA	NA	L74M, S119R
467215	11630	2018	14.0	Resistant	74.0	Resistant	1.1	Susceptible	0.7	Susceptible	NA	NA	S119R, F121Y
467216	11630	2018	3.6	Susceptible	8.9	Resistant	0.5	Susceptible	0.4	Susceptible	NA	NA	L74M, T97A, S119G
467217	11630	2018	4.4	Resistant	17.0	Resistant	0.6	Susceptible	0.5	Susceptible	NA	NA	L74M, T97A, S119P
467218	11630	2018	4.2	Resistant	18.0	Resistant	0.8	Susceptible	0.6	Susceptible	NA	NA	L74M, T97A, S119R
467219	11630	2018	2.6	Susceptible	4.1	Resistant	0.6	Susceptible	0.5	Susceptible	NA	NA	T97A, G118R, S119R
467220	11630	2018	3.2	Susceptible	7.8	Resistant	0.5	Susceptible	0.5	Susceptible	NA	NA	L74M, T97A, S119T
467221	11630	2018	3.3	Susceptible	4.9	Resistant	0.6	Susceptible	0.5	Susceptible	NA	NA	L74M, T97A
467222	11630	2018	4.8	Resistant	26.0	Resistant	0.9	Susceptible	0.6	Susceptible	NA	NA	L74M, T97A, S119R
467223	11630	2018	1.9	Susceptible	4.0	Resistant	0.9	Susceptible	0.8	Susceptible	NA	NA	L74M, S119R
467295	11630	2015	1.0	Susceptible	2.1	Susceptible	1.4	Susceptible	NA	NA	NA	NA	E11D, K14R, S24N, V31I, M50I, H51Y, L74I, A91E, L101I, T112V, S119R, T124A, T125A, A133T, G134N, I135V, K136T, V165I, V201I, T206S, T218I, L234I, S283D
467296	11630	2015	17.2	Resistant	7.7	Resistant	15.5	Resistant	NA	NA	NA	NA	E11D, K14R, S24N, V31I, M50I, L74I, A91E, L101I, T112V, G118R, S119R, T124A, T125A, A133T, G134N, I135V, K136T, V165I, V201I, T206S, T218I, L234I, S283D
467297	11630	2015	0.8	Susceptible	1.0	Susceptible	0.8	Susceptible	NA	NA	NA	NA	E11D, K14R, S24N, V31I, M50I, L74I, A91E, L101I, T112V, S119R, T124A, T125A, A133T, G134N, I135V, K136T, E138K, V165I, V201I, T206S, T218I, L234I, S283D
467298	11630	2015	20.2	Resistant	5.2	Resistant	12.7	Resistant	NA	NA	NA	NA	E11D, K14R, S24N, V31I, M50I, L74I, A91E, L101I, T112V, G118R, S119R, T124A, T125A, A133T, G134N, I135V, K136T, E138K, V165I, V201I, T206S, T218I, L234I, S283D
467299	11630	2015	1.2	Susceptible	2.0	Susceptible	1.4	Susceptible	NA	NA	NA	NA	H51Y, I72V, I113V, V151I, L234V
467300	11630	2015	10.6	Resistant	5.5	Resistant	8.2	Resistant	NA	NA	NA	NA	I72V, I113V, G118R, V151I, L234V
467301	11630	2015	1.0	Susceptible	0.8	Susceptible	0.8	Susceptible	NA	NA	NA	NA	I72V, I113V, E138K, V151I, L234V
467302	11630	2015	14.1	Resistant	4.8	Resistant	8.0	Resistant	NA	NA	NA	NA	I72V, I113V, G118R, E138K, V151I, L234V
467659	11630	2015	1.0	Susceptible	50.0	Resistant	3.3	Susceptible	NA	NA	NA	NA	K14R, D25E, V31I, L45S, I72V, E96D, F100Y, L101I, T112V, T124A, T125A, K136Q, V201I, K219N, N222K, L234I, R263K, A265V, R269K, D278A
467660	11630	2015	0.5	Susceptible	25.0	Resistant	2.1	Susceptible	NA	NA	NA	NA	I72V, I113V, V151I, L234V, R263K
467661	11630	2016	0.7	Susceptible	2.4	Susceptible	0.6	Susceptible	NA	NA	NA	NA	I72V, I113V, Q148N, V151I, L234V
467662	11630	2016	0.6	Susceptible	3.1	Susceptible	0.6	Susceptible	NA	NA	NA	NA	I72V, I113V, G140S, Q148N, V151I, L234V
467663	11630	2016	19.0	Resistant	5.5	Resistant	0.6	Susceptible	NA	NA	NA	NA	I72V, I113V, Q148H, V151I, L234V
467664	11630	2016	100.0	Resistant	100.0	Resistant	3.4	Susceptible	NA	NA	NA	NA	I72V, I113V, G140S, Q148H, V151I, L234V
467665	11630	2016	0.6	Susceptible	4.2	Resistant	0.5	Susceptible	NA	NA	NA	NA	S17N, V32I, I36V, D41G, M50L, I72V, L101I, T124N, T125A, I135V, G140S, Q148N, V201I, I208L, D256E
467666	11630	2016	1.0	Susceptible	4.5	Resistant	0.7	Susceptible	NA	NA	NA	NA	S17N, V32I, I36V, D41G, M50L, I72V, L101I, T124N, T125A, I135V, Q148N, V201I, I208L, D256E
467667	11630	2016	1.0	Susceptible	1.3	Susceptible	1.1	Susceptible	NA	NA	NA	NA	S17N, V32I, I36V, D41G, M50L, I72V, L101I, T124N, T125A, I135V, V201I, I208L, D256E
555677	11630	2019	1.2	Susceptible	11.0	Resistant	0.4	Susceptible	0.4	Susceptible	NA	NA	E10D, T66A, I72V, S123G, T124A, K127R, D232N
555678	11630	2019	1.1	Susceptible	15.0	Resistant	0.4	Susceptible	0.3	Susceptible	NA	NA	E10D, T66I, I72V, S123G, T124A, K127R, D232N
555679	11630	2019	9.8	Resistant	50.0	Resistant	2.1	Susceptible	1.4	Susceptible	NA	NA	E10D, T66K, I72V, S123G, T124A, K127R, D232N
555680	11630	2019	2.1	Susceptible	16.0	Resistant	1.7	Susceptible	1.3	Susceptible	NA	NA	E10D, I72V, E92G, S123G, T124A, K127R, D232N
555681	11630	2019	4.9	Resistant	29.0	Resistant	1.4	Susceptible	1.2	Susceptible	NA	NA	E10D, I72V, E92Q, S123G, T124A, K127R, D232N
555682	11630	2019	4.3	Resistant	2.2	Susceptible	0.9	Susceptible	0.9	Susceptible	NA	NA	E10D, I72V, S123G, T124A, K127R, Y143C, D232N
555683	11630	2019	2.5	Susceptible	1.6	Susceptible	1.1	Susceptible	0.9	Susceptible	NA	NA	E10D, I72V, S123G, T124A, K127R, Y143H, D232N
555684	11630	2019	16.0	Resistant	3.4	Susceptible	1.2	Susceptible	1.3	Susceptible	NA	NA	E10D, I72V, S123G, T124A, K127R, Y143R, D232N
555685	11630	2019	1.3	Susceptible	5.8	Resistant	1.0	Susceptible	1.0	Susceptible	NA	NA	E10D, I72V, S123G, T124A, K127R, S147G, D232N
555686	11630	2019	4.3	Resistant	8.7	Resistant	0.8	Susceptible	0.7	Susceptible	NA	NA	E10D, I72V, S123G, T124A, K127R, Q148H, D232N
555687	11630	2019	41.0	Resistant	100.0	Resistant	0.6	Susceptible	0.9	Susceptible	NA	NA	E10D, I72V, S123G, T124A, K127R, Q148K, D232N
555688	11630	2019	28.0	Resistant	100.0	Resistant	0.6	Susceptible	0.7	Susceptible	NA	NA	E10D, I72V, S123G, T124A, K127R, Q148R, D232N
555689	11630	2019	13.0	Resistant	44.0	Resistant	1.4	Susceptible	1.3	Susceptible	NA	NA	E10D, I72V, S123G, T124A, K127R, N155H, D232N
555690	11630	2019	1.2	Susceptible	4.5	Resistant	1.7	Susceptible	1.7	Susceptible	NA	NA	E10D, I72V, S123G, T124A, K127R, D232N, R263K
555691	11630	2019	1.0	Susceptible	2.8	Susceptible	1.2	Susceptible	1.1	Susceptible	NA	NA	E10D, H51Y, I72V, S123G, T124A, K127R, D232N
555692	11630	2019	0.9	Susceptible	1.9	Susceptible	0.7	Susceptible	0.6	Susceptible	NA	NA	E10D, L68I, I72V, S123G, T124A, K127R, D232N
555693	11630	2019	0.8	Susceptible	1.8	Susceptible	0.6	Susceptible	0.7	Susceptible	NA	NA	E10D, L68V, I72V, S123G, T124A, K127R, D232N
555694	11630	2019	1.0	Susceptible	4.2	Resistant	0.6	Susceptible	0.5	Susceptible	NA	NA	E10D, I72A, S123G, T124A, K127R, D232N
555695	11630	2019	1.1	Susceptible	6.1	Resistant	0.6	Susceptible	0.5	Susceptible	NA	NA	E10D, I72N, S123G, T124A, K127R, D232N
555696	11630	2019	1.1	Susceptible	2.4	Susceptible	0.9	Susceptible	0.7	Susceptible	NA	NA	E10D, I72T, S123G, T124A, K127R, D232N
555697	11630	2019	1.3	Susceptible	1.9	Susceptible	1.1	Susceptible	0.9	Susceptible	NA	NA	E10D, I72V, Q95K, S123G, T124A, K127R, D232N
555698	11630	2019	1.2	Susceptible	1.7	Susceptible	1.0	Susceptible	1.0	Susceptible	NA	NA	E10D, I72V, Q95R, S123G, T124A, K127R, D232N
555699	11630	2019	1.2	Susceptible	1.5	Susceptible	1.1	Susceptible	1.0	Susceptible	NA	NA	E10D, I72V, S123G, T124A, K127R, A128T, D232N
555700	11630	2019	1.1	Susceptible	1.3	Susceptible	0.9	Susceptible	0.7	Susceptible	NA	NA	E10D, I72V, S123G, T124A, K127R, E138A, D232N
555701	11630	2019	0.9	Susceptible	1.4	Susceptible	0.8	Susceptible	0.8	Susceptible	NA	NA	E10D, I72V, S123G, T124A, K127R, E138K, D232N
555702	11630	2019	2.7	Susceptible	5.4	Resistant	0.7	Susceptible	0.6	Susceptible	NA	NA	E10D, I72V, S123G, T124A, K127R, G140A, D232N
555703	11630	2019	1.4	Susceptible	7.5	Resistant	0.5	Susceptible	0.4	Susceptible	NA	NA	E10D, I72V, S123G, T124A, K127R, G140C, D232N
555704	11630	2019	1.6	Susceptible	5.0	Resistant	0.8	Susceptible	0.8	Susceptible	NA	NA	E10D, I72V, S123G, T124A, K127R, G140S, D232N
555705	11630	2019	0.7	Susceptible	28.0	Resistant	0.3	Susceptible	0.2	Susceptible	NA	NA	E10D, I72V, S123G, T124A, K127R, P145S, D232N
555706	11630	2019	3.2	Susceptible	100.0	Resistant	2.2	Susceptible	2.3	Susceptible	NA	NA	E10D, I72V, S123G, T124A, K127R, Q146I, D232N
555707	11630	2019	0.8	Susceptible	2.2	Susceptible	0.8	Susceptible	0.9	Susceptible	NA	NA	E10D, I72V, S123G, T124A, K127R, Q146K, D232N
555708	11630	2019	1.0	Susceptible	15.0	Resistant	1.3	Susceptible	1.4	Susceptible	NA	NA	E10D, I72V, S123G, T124A, K127R, Q146L, D232N
555709	11630	2019	0.8	Susceptible	6.5	Resistant	0.5	Susceptible	0.3	Susceptible	NA	NA	E10D, I72V, S123G, T124A, K127R, Q146P, D232N
555710	11630	2019	1.6	Susceptible	4.9	Resistant	1.4	Susceptible	1.3	Susceptible	NA	NA	E10D, I72V, S123G, T124A, K127R, Q146R, D232N
555711	11630	2019	1.4	Susceptible	2.7	Susceptible	0.8	Susceptible	0.7	Susceptible	NA	NA	E10D, I72V, S123G, T124A, K127R, V151A, D232N
555712	11630	2019	15.0	Resistant	20.0	Resistant	1.6	Susceptible	0.9	Susceptible	NA	NA	E10D, I72V, S123G, T124A, K127R, V151L, D232N
555713	11630	2019	1.1	Susceptible	2.1	Susceptible	1.1	Susceptible	1.0	Susceptible	NA	NA	E10D, I72V, S123G, T124A, K127R, S153A, D232N
555714	11630	2019	1.2	Susceptible	2.7	Susceptible	1.9	Susceptible	1.5	Susceptible	NA	NA	E10D, I72V, S123G, T124A, K127R, S153F, D232N
555715	11630	2019	1.2	Susceptible	3.0	Susceptible	2.1	Susceptible	1.6	Susceptible	NA	NA	E10D, I72V, S123G, T124A, K127R, S153Y, D232N
555716	11630	2019	1.4	Susceptible	1.4	Susceptible	1.6	Susceptible	1.4	Susceptible	NA	NA	E10D, I72V, S123G, T124A, K127R, E157K, D232N
555717	11630	2019	1.3	Susceptible	2.0	Susceptible	1.2	Susceptible	1.2	Susceptible	NA	NA	E10D, I72V, S123G, T124A, K127R, E157Q, D232N
555718	11630	2019	1.2	Susceptible	1.5	Susceptible	0.9	Susceptible	0.9	Susceptible	NA	NA	E10D, I72V, S123G, T124A, K127R, G163K, D232N
555719	11630	2019	1.2	Susceptible	1.6	Susceptible	1.1	Susceptible	0.9	Susceptible	NA	NA	E10D, I72V, S123G, T124A, K127R, E170A, D232N
555720	11630	2019	1.2	Susceptible	20.0	Resistant	0.4	Susceptible	0.3	Susceptible	NA	NA	E10D, M50I, T66I, I72V, S123G, T124A, K127R, D232N
555721	11630	2019	1.1	Susceptible	20.0	Resistant	0.3	Susceptible	0.3	Susceptible	NA	NA	E10D, T66I, I72V, S119P, S123G, T124A, K127R, D232N
555722	11630	2019	1.6	Susceptible	31.0	Resistant	0.4	Susceptible	0.3	Susceptible	NA	NA	E10D, T66I, I72V, S123G, T124A, K127R, E157Q, D232N
555723	11630	2019	5.1	Resistant	43.0	Resistant	1.3	Susceptible	1.1	Susceptible	NA	NA	E10D, M50I, I72V, E92Q, S123G, T124A, K127R, D232N
555724	11630	2019	8.0	Resistant	76.0	Resistant	1.5	Susceptible	1.4	Susceptible	NA	NA	E10D, I72V, E92Q, S119P, S123G, T124A, K127R, D232N
555725	11630	2019	7.1	Resistant	40.0	Resistant	1.8	Susceptible	1.3	Susceptible	NA	NA	E10D, I72V, E92Q, S123G, T124A, K127R, E157Q, D232N
555726	11630	2019	1.3	Susceptible	6.5	Resistant	1.2	Susceptible	0.9	Susceptible	NA	NA	E10D, M50I, I72V, S123G, T124A, K127R, S147G, D232N
555727	11630	2019	1.3	Susceptible	9.3	Resistant	1.0	Susceptible	1.0	Susceptible	NA	NA	E10D, I72V, S119P, S123G, T124A, K127R, S147G, D232N
555728	11630	2019	1.8	Susceptible	11.0	Resistant	1.4	Susceptible	1.3	Susceptible	NA	NA	E10D, I72V, S123G, T124A, K127R, S147G, E157Q, D232N
555729	11630	2019	33.0	Resistant	100.0	Resistant	0.8	Susceptible	0.7	Susceptible	NA	NA	E10D, M50I, I72V, S123G, T124A, K127R, Q148R, D232N
555730	11630	2019	30.0	Resistant	100.0	Resistant	0.9	Susceptible	1.0	Susceptible	NA	NA	E10D, I72V, S119P, S123G, T124A, K127R, Q148R, D232N
555731	11630	2019	52.0	Resistant	100.0	Resistant	0.9	Susceptible	0.9	Susceptible	NA	NA	E10D, I72V, S123G, T124A, K127R, Q148R, E157Q, D232N
555732	11630	2019	13.0	Resistant	35.0	Resistant	1.5	Susceptible	1.4	Susceptible	NA	NA	E10D, M50I, I72V, S123G, T124A, K127R, N155H, D232N
555733	11630	2019	13.0	Resistant	40.0	Resistant	1.6	Susceptible	1.2	Susceptible	NA	NA	E10D, I72V, S119P, S123G, T124A, K127R, N155H, D232N
555734	11630	2019	21.0	Resistant	66.0	Resistant	1.7	Susceptible	1.6	Susceptible	NA	NA	E10D, I72V, S123G, T124A, K127R, N155H, E157Q, D232N
555735	11630	2019	100.0	Resistant	100.0	Resistant	3.3	Susceptible	2.0	Susceptible	NA	NA	E10D, I72V, S123G, T124A, K127R, G140S, Q148R, D232N
555736	11630	2019	100.0	Resistant	100.0	Resistant	3.3	Susceptible	2.2	Susceptible	NA	NA	E10D, I72V, S123G, T124A, K127R, G140S, Q148H, D232N
555737	11630	2019	100.0	Resistant	100.0	Resistant	45.0	Resistant	28.0	Resistant	NA	NA	E10D, I72V, S123G, T124A, K127R, G140S, Q148K, D232N
178678	73505	2012	87.0	Resistant	NA	NA	1.0	Susceptible	NA	NA	NA	NA	K7R, S17N, V31I, T97A, L101I, T112A, T125A, Y143R, M154I, V201I
308620	143913	2012	0.8	Susceptible	1.3	Susceptible	NA	NA	NA	NA	NA	NA	S119T, M154L, V201I, T218S
308448	143822	2012	0.9	Susceptible	1.2	Susceptible	NA	NA	NA	NA	NA	NA	S17N, L28I, S39C, V201I, K211Q
308399	143800	2012	1.1	Susceptible	1.1	Susceptible	NA	NA	NA	NA	NA	NA	V201I, S230N, L234I, A265V, D270N
178721	73521	2012	1.0	Susceptible	NA	NA	1.0	Susceptible	NA	NA	NA	NA	S17N, V31I, L101I, T124A, L234I
467176	221557	2016	NA	NA	NA	NA	0.2	Susceptible	0.2	Susceptible	NA	NA	K42Q, L101I, T112V, T124A, T125A, K136Q, G163R, V201I, L234I, R269K, D278A, S283G
221109	95083	2012	100.0	Resistant	NA	NA	NA	NA	NA	NA	NA	NA	V31I, L74M, T125V, E138D, Y143R, D232E
308355	143783	2012	0.9	Susceptible	0.9	Susceptible	NA	NA	NA	NA	NA	NA	V31I, L101I, K111Q, A265V
88611	25810	2016	NA	NA	NA	NA	0.1	Susceptible	0.5	Susceptible	NA	NA	K14R, A21T, A23V, S39N, I72V, T112V, T124A, T125A, G134N, I135V, K136R, D167E, V201I, L234I, S283G
308127	143696	2012	0.9	Susceptible	0.9	Susceptible	NA	NA	NA	NA	NA	NA	V31I, L101I, T112I, T124A, T125V, I135V, G163Q, A179G, F181L, V201I, T206S, L234I, D256E, I268L, D270H
612757	296656	2020	100.0	Resistant	100.0	Resistant	6.6	Resistant	3.0	Susceptible	NA	NA	E10D, L101I, S119G, T122I, T124N, T125A, G140S, Q148H, G163E, D256E
308541	143869	2012	1.0	Susceptible	1.1	Susceptible	NA	NA	NA	NA	NA	NA	K7R, E11D, D25E, V31I, L101I, K111T, V201I, Q216H
308539	143868	2012	0.6	Susceptible	0.9	Susceptible	NA	NA	NA	NA	NA	NA	S17N, L101I, K156N, D256E
308281	143756	2012	1.1	Susceptible	1.4	Susceptible	NA	NA	NA	NA	NA	NA	S17N, T125A, G193E, V201I, D232E, D286N
308616	143911	2012	0.8	Susceptible	1.2	Susceptible	NA	NA	NA	NA	NA	NA	E10A, E11D, S17N, V32I, K42R, I84L, L101I, S119P, T124A, T125A, I135V, K136Q, V165I, V201I, T218I, D256E, S283G
308134	143698	2012	0.6	Susceptible	0.8	Susceptible	NA	NA	NA	NA	NA	NA	L101I, T124A, K156N, V201I, I217V, P261S, R262L
308291	143759	2012	1.0	Susceptible	1.2	Susceptible	NA	NA	NA	NA	NA	NA	K14R, A91E, L101I, S119R, T124N, G193D, V201I, T206S, I268L
88894	15937	2016	NA	NA	NA	NA	1.4	Susceptible	1.0	Susceptible	NA	NA	L101I, T125A, I135V, G193R, V201I, I208L, K211T, A265V, S283G
663471	319984	2022	1.1	Susceptible	1.3	Susceptible	1.0	Susceptible	NA	NA	NA	NA	K7R, S17N, I72V, L74V, L101I, I220L, R284G, D286N
663443	319984	2022	1.4	Susceptible	2.3	Susceptible	2.0	Susceptible	NA	NA	NA	NA	K7R, S17N, I72V, L101I, I220L, R263K, R284G, D286N
612760	296658	2020	100.0	Resistant	100.0	Resistant	4.8	Resistant	2.3	Susceptible	NA	NA	L101I, T122I, T124N, G140S, Q148H, V201I
612761	296659	2020	100.0	Resistant	100.0	Resistant	100.0	Resistant	66.0	Resistant	NA	NA	V31I, D41N, L74M, I113L, T124A, T125A, G140S, Q148H, G149A, V201I, K215N, S283G
612762	296659	2020	1.0	Susceptible	1.6	Susceptible	1.2	Susceptible	1.0	Susceptible	NA	NA	V31I, V54I, T124A, T125A, V201I, K215N, S283G
89665	1249	2016	NA	NA	NA	NA	0.4	Susceptible	1.2	Susceptible	NA	NA	S17N, L28I, P30A, I84L, S119T, T124A, K136Q, V165I, I200T, V201I, K211R, T218I, L234V, D256E, S283G
308536	143866	2012	0.9	Susceptible	1.1	Susceptible	NA	NA	NA	NA	NA	NA	K14R, V31I, S39C, L45Q, K111T, V201I, S230N, L234I, D256E
308583	143892	2012	0.8	Susceptible	1.0	Susceptible	NA	NA	NA	NA	NA	NA	S24G, S39C, V79A, L101I, T124N, V201I, Q216R, K219Q, A265V, S283G
661965	318859	2022	NA	NA	NA	NA	100.0	Resistant	NA	NA	NA	NA	S17N, S57N, L101I, K111R, S119P, T122I, T124A, E138K, G140S, Q148H, N155H, K156N, V165I, V201I, T206S, T210L, D256E
661966	318859	2022	NA	NA	NA	NA	0.6	Susceptible	NA	NA	NA	NA	S17N, S57N, L101I, K111R, S119P, T124A, K156N, V165I, V201I, T206S, D207E, E212A, D256E
308357	143784	2012	0.8	Susceptible	1.2	Susceptible	NA	NA	NA	NA	NA	NA	A91T, L101I, S119P, T122I, I208M, S255G, S283G, R284G
308286	143758	2012	0.5	Susceptible	1.1	Susceptible	NA	NA	NA	NA	NA	NA	E10D, T124A, T125A, K156N, V201I, I220V
308139	143699	2012	0.7	Susceptible	2.1	Susceptible	NA	NA	NA	NA	NA	NA	V31I, L101I, T125A, M154L, K173R, F181L, G193E, T206S, T210I, T218I, I220V, L234H, D279G
308408	143805	2012	0.6	Susceptible	0.9	Susceptible	NA	NA	NA	NA	NA	NA	L101I, K111T, I135V, K173R, V176L, A205T, K211R, T218S, S230N, D256E, D270E
308349	143781	2012	0.9	Susceptible	1.1	Susceptible	NA	NA	NA	NA	NA	NA	S17N, L101I, K211Q, D256E
308248	143742	2012	0.8	Susceptible	1.3	Susceptible	NA	NA	NA	NA	NA	NA	V31I, L45I, L101I, S119P, I135V, F181L, T206S, K211R
308411	143807	2012	1.0	Susceptible	1.6	Susceptible	NA	NA	NA	NA	NA	NA	E10D, T124N, T125A, M154I, P261F, R262F
221098	95082	2012	100.0	Resistant	NA	NA	NA	NA	NA	NA	NA	NA	A23V, V31I, T125V, G140S, Q148H, D232E, A265V
308164	143712	2012	0.9	Susceptible	1.1	Susceptible	NA	NA	NA	NA	NA	NA	E11D, E13D, A21T, L101I, S119G, T122I, T124S, K136N, D256E
308621	143914	2012	0.7	Susceptible	1.5	Susceptible	NA	NA	NA	NA	NA	NA	S17N, T124S, K156N, I203M, D256E
308622	143914	2012	2.2	Susceptible	42.0	Resistant	NA	NA	NA	NA	NA	NA	S17N, I84L, E92Q, T124S, K156N, I203M, D256E
308471	143832	2012	1.4	Susceptible	1.5	Susceptible	NA	NA	NA	NA	NA	NA	E11D, S24N, V31I, L101I, S119P, T122I, T125A, V201I, I220L, D232E
302972	139490	2015	14.3	Resistant	29.6	Resistant	1.7	Susceptible	NA	NA	NA	NA	R20K, V31I, L45I, L101I, N155H, E157Q, K160Q, V201I, K215N, A265V
302970	139490	2015	1.3	Susceptible	1.6	Susceptible	1.1	Susceptible	NA	NA	NA	NA	R20K, V31I, L45I, L101I, E157Q, K160Q, V201I, K215N
308295	143760	2012	0.9	Susceptible	1.2	Susceptible	NA	NA	NA	NA	NA	NA	S17N, M50L, T124A, T125A, A205S, T206S
308296	143760	2012	4.6	Resistant	34.0	Resistant	NA	NA	NA	NA	NA	NA	S17N, K34R, M50L, E92Q, T124A, T125A, V201I, A205S, T206S, I208L, K211R, E212A
308185	143721	2012	0.9	Susceptible	1.2	Susceptible	NA	NA	NA	NA	NA	NA	R20K, V201I
308112	143686	2012	0.9	Susceptible	1.8	Susceptible	NA	NA	NA	NA	NA	NA	P90S, E212A, K215N, I220L
308379	143793	2012	1.0	Susceptible	1.6	Susceptible	NA	NA	NA	NA	NA	NA	L101I, K103R, S119G, T122I, T124N
308517	143855	2012	3.3	Susceptible	27.0	Resistant	NA	NA	NA	NA	NA	NA	E92Q, L101I, T112V, I220V, D253E, R284G
308516	143855	2012	1.1	Susceptible	0.9	Susceptible	NA	NA	NA	NA	NA	NA	L101I, T112V, I220V, D253E
665889	318860	2022	0.6	Susceptible	13.0	Resistant	0.3	Susceptible	NA	NA	NA	NA	E11D, S24N, V31I, T66I, A91E, L101I, T112A, H114R, S119R, T124N, I203M, S230N, R284G
661967	318860	2022	NA	NA	NA	NA	30.0	Resistant	NA	NA	NA	NA	E11D, S24N, V31I, A91E, L101I, T112A, G118R, S119R, T122N, T124N, K156N, I203M, S230N, D232N, R284G
661968	318860	2022	NA	NA	NA	NA	1.0	Susceptible	NA	NA	NA	NA	E11D, S24N, V31I, A91E, L101I, T112A, S119R, T124N, S230N, R284G
308544	143871	2012	0.8	Susceptible	1.1	Susceptible	NA	NA	NA	NA	NA	NA	D6E, D25E, L101I, V110T, T112V, K156N, E157Q, K215N, D232E, L234H, D253E, D256E, D270N
612763	296660	2020	100.0	Resistant	100.0	Resistant	5.6	Resistant	2.6	Susceptible	NA	NA	K14R, S17C, L45V, G106A, T124A, G140S, Q148H, V165I, F185Y, K219N, N222K
308519	143857	2012	1.1	Susceptible	1.6	Susceptible	NA	NA	NA	NA	NA	NA	E11D, S119P, K219T, I220L, D232E, L234F
308551	143874	2012	0.7	Susceptible	1.4	Susceptible	NA	NA	NA	NA	NA	NA	S17C, G163E, K188R, K211R, Q216N
308217	143733	2012	1.0	Susceptible	1.6	Susceptible	NA	NA	NA	NA	NA	NA	E11D, V31I, V37I, L101I, I113L, T124N, T125A, V201I
308425	143813	2012	1.0	Susceptible	1.4	Susceptible	NA	NA	NA	NA	NA	NA	D6E, E10D, A91S, S119G, T122I, T124A, T125A, I220L, Y227F, L234I
308155	143708	2012	1.3	Susceptible	1.4	Susceptible	NA	NA	NA	NA	NA	NA	E11D, R20K, L101I, S195T
308157	143709	2012	0.8	Susceptible	1.8	Susceptible	NA	NA	NA	NA	NA	NA	A21T, M50I
308192	143724	2012	1.1	Susceptible	1.6	Susceptible	NA	NA	NA	NA	NA	NA	V31I, T112A, T124S, T125A, V165I, A205S
308633	143922	2012	1.1	Susceptible	2.1	Susceptible	NA	NA	NA	NA	NA	NA	E11D, S17T, M50V, L101I, T112I, S119P, T124N, I135V, F181L, V201I, T206S, A265V
308595	143900	2012	1.7	Susceptible	1.3	Susceptible	NA	NA	NA	NA	NA	NA	E11D, D25E, S119P, K136N
308596	143900	2012	10.7	Resistant	36.0	Resistant	NA	NA	NA	NA	NA	NA	E11D, D25E, L101I, S119P, T122I, K136N, N155H
308495	143843	2012	0.9	Susceptible	1.2	Susceptible	NA	NA	NA	NA	NA	NA	K7R, L28I, S39C, M50I, L101I, F181L, V201I, A205S, K215N, Q221R, N222K
308496	143844	2012	1.1	Susceptible	1.2	Susceptible	NA	NA	NA	NA	NA	NA	S17N, S39C, L101I, T124N, I203M, T206S, D256E
308607	143907	2012	1.4	Susceptible	2.4	Susceptible	NA	NA	NA	NA	NA	NA	S17C, M50I, L101I, T112R, T124A, T125A, E157Q, K160Q, K219N, N222K
308152	143706	2012	1.4	Susceptible	2.0	Susceptible	NA	NA	NA	NA	NA	NA	V31I, L101I, S119G, T122I, T124N, F181L, V201I, S283G, R284G
308153	143706	2012	0.9	Susceptible	2.1	Susceptible	NA	NA	NA	NA	NA	NA	V31I, L101I, S119G, T122I, T124N, F181L, V201I, S283G, R284G
308376	143791	2012	0.9	Susceptible	1.2	Susceptible	NA	NA	NA	NA	NA	NA	V54I, L101I, T124N, T125M, G163T, D253E, N254S
308602	143905	2012	0.9	Susceptible	1.3	Susceptible	NA	NA	NA	NA	NA	NA	D6E, E10D, G106A, S119P, T122I, T124N, V201I, T206S, I208L, K211R, D256E
308189	143723	2012	1.2	Susceptible	1.9	Susceptible	NA	NA	NA	NA	NA	NA	K14R, Y99H, L101I, I135V, E157Q, G193D, S195C, A265V
308428	143814	2012	0.6	Susceptible	1.8	Susceptible	NA	NA	NA	NA	NA	NA	S17N, T124A, K160N
308095	143677	2012	1.0	Susceptible	1.3	Susceptible	NA	NA	NA	NA	NA	NA	A21T, L45V, T124Q, T125V, I182V, D256E, R262L
308092	143675	2012	4.7	Resistant	15.0	Resistant	NA	NA	NA	NA	NA	NA	K14R, V31I, N155H, K215N, S230N, R231K, D253E, N254Q, S255G, D256E, K258N, V259L, V260L
308091	143675	2012	1.0	Susceptible	1.1	Susceptible	NA	NA	NA	NA	NA	NA	K14R, V31I, K215N, S230N, R231K, D253E, N254Q, S255G, D256E
308547	143873	2012	1.0	Susceptible	1.9	Susceptible	NA	NA	NA	NA	NA	NA	E11D, A21T, K111Q, T112A
308220	143734	2012	1.1	Susceptible	1.3	Susceptible	NA	NA	NA	NA	NA	NA	S39C, M50I, L101I, S119P, M154L, V201I, T206S, T218S
612772	296667	2020	100.0	Resistant	28.0	Resistant	0.8	Susceptible	0.6	Susceptible	NA	NA	S17N, S24N, T97A, L101I, G106A, T112A, S119G, T122I, T125A, Y143R, G163R, V165I, V201I, K211R, T218I, Q221G, D256E
661977	318865	2022	NA	NA	NA	NA	28.0	Resistant	NA	NA	NA	NA	K14R, D25E, V31I, M50T, I72L, F100Y, L101I, T112K, G118R, T124A, T125A, K136Q, K156N, V201I, I220M, L234I, S283G
661978	318865	2022	NA	NA	NA	NA	1.0	Susceptible	NA	NA	NA	NA	K14R, D25E, V31I, M50T, F100Y, L101I, T112I, T124A, T125A, K136Q, V201I, L234I, S283G
308507	143850	2012	0.9	Susceptible	1.3	Susceptible	NA	NA	NA	NA	NA	NA	V31I, M50I, L63I, L74V, E96D, L101I, T124N, T125A, G193E, V201I, T218S, S230N, D232E, D256E
308211	143731	2012	1.4	Susceptible	1.4	Susceptible	NA	NA	NA	NA	NA	NA	E11D, K14R, V32I, V201I, I208L, E212A, D232E, L234F
308421	143811	2012	0.9	Susceptible	0.8	Susceptible	NA	NA	NA	NA	NA	NA	V31I, G106A, T112I, T124A, T125A, G134D, K136Q, D167E, V201I, L234I
308114	143688	2012	1.1	Susceptible	1.0	Susceptible	NA	NA	NA	NA	NA	NA	S17N, S39C, T124N, T125A, V201I, T206S, K219N, N222K
612768	296665	2020	100.0	Resistant	100.0	Resistant	7.4	Resistant	3.4	Susceptible	NA	NA	K14R, V31I, M50R, L101I, K111T, T124A, E138A, F139Y, G140S, Q148H, G193E, V201I, I220M, D253E, S255R
178663	73500	2012	1.0	Susceptible	NA	NA	1.0	Susceptible	NA	NA	NA	NA	S17N, S24D, S39C, L101I, T124N, D167E, V201I, D286N
178661	73500	2012	87.0	Resistant	NA	NA	3.0	Susceptible	NA	NA	NA	NA	S17N, S24D, S39C, L101I, T124N, G140S, Q148H, D167E, V201I, E212A, R284G, D286N
308382	143794	2012	1.1	Susceptible	1.7	Susceptible	NA	NA	NA	NA	NA	NA	M50I, V54I, E96D, L101I, T112S, T124N, T125A
308115	143689	2012	1.0	Susceptible	1.3	Susceptible	NA	NA	NA	NA	NA	NA	E11D, S24N, I84M, A91T, L101I, T125V, V201I, S230N, R262L, S283G
308116	143689	2012	100.0	Resistant	100.0	Resistant	NA	NA	NA	NA	NA	NA	E11D, S24N, K34R, I84M, A91T, L101I, T125V, G140S, Q148H, I161T, V201I, S230N, V260L, P261F, S283G
308312	143767	2012	0.9	Susceptible	1.0	Susceptible	NA	NA	NA	NA	NA	NA	M50I, L101I, G193E, V201I, S230N, D256E, D286N
257389	113916	2012	1.0	Susceptible	NA	NA	1.0	Susceptible	NA	NA	NA	NA	D6E, E10D, A23S, V31I, L101I, T124A, K156N, V201I, M275V
308567	143882	2012	0.7	Susceptible	1.3	Susceptible	NA	NA	NA	NA	NA	NA	K156N, I161L, V201I, T218S, Q221E, N222K
308492	143841	2012	1.1	Susceptible	1.3	Susceptible	NA	NA	NA	NA	NA	NA	D6E, E10D, S17N, A23V, E35Q, S39N, L45V, M50I, V201I
308306	143765	2012	0.8	Susceptible	1.0	Susceptible	NA	NA	NA	NA	NA	NA	K7R, S17N, T124N, I220M, Y227F, A265V
308575	143887	2012	1.1	Susceptible	1.3	Susceptible	NA	NA	NA	NA	NA	NA	R20K, L101I, K111T, T122I, T124A, V201I, D286N
308576	143887	2012	1.1	Susceptible	1.5	Susceptible	NA	NA	NA	NA	NA	NA	R20K, L101I, K111T, T122I, T124A, V201I, R284G, D286N
221117	95085	2012	22.0	Resistant	NA	NA	NA	NA	NA	NA	NA	NA	E10D, S119G, T122I, T124N, T125A, M154I, N155H, K211R
308572	143885	2012	0.9	Susceptible	1.4	Susceptible	NA	NA	NA	NA	NA	NA	S17N, L45V, I73V, P90S, L101I, T124N, G163H, I208L, I220L, D256E, S283G
308106	143683	2012	0.6	Susceptible	1.7	Susceptible	NA	NA	NA	NA	NA	NA	K111T, S119G, T122I, T125A, V201I
308300	143762	2012	1.2	Susceptible	1.6	Susceptible	NA	NA	NA	NA	NA	NA	E11D, V31I, A91E, L101I, T112V, S119R, T122I, T206S
308142	143701	2012	0.8	Susceptible	2.1	Susceptible	NA	NA	NA	NA	NA	NA	M50I, G70D, L101I, S119R, T124N, T125A, I135V, F181L, T206S, D256E
308386	143796	2012	1.1	Susceptible	1.2	Susceptible	NA	NA	NA	NA	NA	NA	S24G, D25E, L28I, L45V, V201I, S230N, R284G
308387	143796	2012	100.0	Resistant	89.0	Resistant	NA	NA	NA	NA	NA	NA	S24G, D25E, L28I, E35Q, L45V, T125A, G140S, Q148H, V201I, S230N, S283R, R284G
661971	318862	2022	NA	NA	NA	NA	0.8	Susceptible	NA	NA	NA	NA	D25E, V31I, I84M, L101I, T112V, T124A, K136Q, K173R, V201I, T218I, K219Q, L234I, D278A
665908	318862	2022	1.1	Susceptible	2.8	Susceptible	1.8	Susceptible	NA	NA	NA	NA	R20K, D25E, V31I, I84M, L101I, T112V, T124A, K136Q, K173R, V201I, T218I, K219Q, L234I, R263K, D278A, S283G
178672	73503	2012	87.0	Resistant	NA	NA	15.0	Resistant	NA	NA	NA	NA	L63I, I73V, L74I, E96D, L101I, T112I, G140S, Q148H, I208L, D232E
612765	296662	2020	0.8	Susceptible	1.3	Susceptible	1.1	Susceptible	1.1	Susceptible	NA	NA	K111T, Q216H
308231	143736	2012	100.0	Resistant	100.0	Resistant	NA	NA	NA	NA	NA	NA	N27G, L28I, L45Q, G140S, Q148H
308229	143736	2012	0.9	Susceptible	1.2	Susceptible	NA	NA	NA	NA	NA	NA	S17N, N27G, L28I, L45Q
308560	143879	2012	0.5	Susceptible	1.0	Susceptible	NA	NA	NA	NA	NA	NA	M50I, K156N, V201I
308205	143728	2012	1.1	Susceptible	1.4	Susceptible	NA	NA	NA	NA	NA	NA	E11D, V201I
308433	143816	2012	0.8	Susceptible	1.3	Susceptible	NA	NA	NA	NA	NA	NA	D25E, V201I, S230N
308208	143729	2012	1.0	Susceptible	1.0	Susceptible	NA	NA	NA	NA	NA	NA	S17N, R20K, S119G, T122V, T124A, T125A, V201I, T206S, D288N
308147	143704	2012	1.0	Susceptible	1.3	Susceptible	NA	NA	NA	NA	NA	NA	E11D, S24N, V31I, L101I, K136N
308559	143878	2012	1.0	Susceptible	1.3	Susceptible	NA	NA	NA	NA	NA	NA	E11D, S39C, L45Q, V201I, T218S
308598	143902	2012	0.8	Susceptible	1.6	Susceptible	NA	NA	NA	NA	NA	NA	S17N, K34R, S119P, T124N, T125A, V201I, S230N, D256E
308599	143902	2012	28.0	Resistant	100.0	Resistant	NA	NA	NA	NA	NA	NA	K14R, S17N, K34R, G59E, S119P, T124N, T125A, G140C, Q148R, V201I, S230N, D256E
308630	143920	2012	1.0	Susceptible	1.3	Susceptible	NA	NA	NA	NA	NA	NA	E11D, L101I, S119R, G193E, V201I
308501	143846	2012	0.3	Susceptible	0.8	Susceptible	NA	NA	NA	NA	NA	NA	C56Y, S57N, K156N, K211R, L234I
89729	15936	2016	NA	NA	NA	NA	1.0	Susceptible	1.2	Susceptible	NA	NA	L101I, T122I, T124N, A265V
308506	143849	2012	0.7	Susceptible	1.0	Susceptible	NA	NA	NA	NA	NA	NA	D6E, P30S, S39C, V201I, T206S, S230H
308237	143738	2012	9.7	Resistant	59.0	Resistant	NA	NA	NA	NA	NA	NA	L101I, N155H, K156N, I208L
308236	143738	2012	0.6	Susceptible	1.0	Susceptible	NA	NA	NA	NA	NA	NA	L101I, K156N, I208L
308439	143818	2012	0.8	Susceptible	1.5	Susceptible	NA	NA	NA	NA	NA	NA	E11D, E13D, V31I, L101I, S119P, T122I, G163E, D256E
308102	143681	2012	1.0	Susceptible	1.1	Susceptible	NA	NA	NA	NA	NA	NA	S17C
308199	143726	2012	1.2	Susceptible	2.7	Susceptible	NA	NA	NA	NA	NA	NA	D6E, E11D, S17N, V31I, L63I, L74I, E96D, L101I, T112V, T124N, T125A, G134N, K136T, E157Q, K160N, V201I, T206S, K211R, L234I, R269K, S283G, D288N
308441	143819	2012	1.0	Susceptible	1.4	Susceptible	NA	NA	NA	NA	NA	NA	M50I, K215N, I220L, D256E
308240	143739	2012	1.4	Susceptible	1.9	Susceptible	NA	NA	NA	NA	NA	NA	E11D, S24N, D25E, V31I, I84M, Q95P, Y99F, L101I, T112A, S119P, K136N, K160R, V201I, I203M, I208L, T218S, L234H, D253E
308505	143848	2012	1.0	Susceptible	1.5	Susceptible	NA	NA	NA	NA	NA	NA	S17N, V31I, L101I, T124N, I135V, G163E, K173R, V201I, A205S, S230N
308557	143876	2012	1.1	Susceptible	1.1	Susceptible	NA	NA	NA	NA	NA	NA	K7R, S17N, L28I, V151I, Y227F, D253Y, D256E, R284G
308511	143852	2012	1.4	Susceptible	1.8	Susceptible	NA	NA	NA	NA	NA	NA	E11D, K14R, S24N, D25E, M50I, T124A, T125A, I220L, I268L
308393	143798	2012	0.9	Susceptible	1.2	Susceptible	NA	NA	NA	NA	NA	NA	V31I, M50I, T124N, T125A, E138D, D167E, V201I, A265V, D286N
308107	143684	2012	1.2	Susceptible	1.4	Susceptible	NA	NA	NA	NA	NA	NA	E11D, S24G, D25E, L28I, S39C, L101I, K215N, S230N
308397	143799	2012	1.0	Susceptible	1.0	Susceptible	NA	NA	NA	NA	NA	NA	K34R, T112V, V201I, L234I
308562	143880	2012	1.0	Susceptible	1.2	Susceptible	NA	NA	NA	NA	NA	NA	V31I, L101I, K103R, T112I, T124A, T125A, V201I, A205T, K211R, I220L, Y227F, D253Y, A265V, R284G
308320	143770	2012	0.8	Susceptible	1.0	Susceptible	NA	NA	NA	NA	NA	NA	S39C, G59E, T124N, T125A, V126L, M154L, V201I
308171	143715	2012	0.9	Susceptible	2.2	Susceptible	NA	NA	NA	NA	NA	NA	E11D, M50I, K111T, S119P, T124A, T206S
308624	143916	2012	1.2	Susceptible	1.5	Susceptible	NA	NA	NA	NA	NA	NA	D6E, E10D, E11D, K14R, V31I, M50T, I60L, K111Q, T124A, T206S
308481	143837	2012	0.8	Susceptible	0.9	Susceptible	NA	NA	NA	NA	NA	NA	K7R, D25E, F100Y, L101I, T112V, T124A, T125A, K136Q, V165I, V201I, T218I, K219Q, L234I, S255G, R269K, D278A, S283G
308176	143717	2012	0.9	Susceptible	1.1	Susceptible	NA	NA	NA	NA	NA	NA	M50L, L101I, K111T, T125A, A128T, Y227F, S230N, D256E, A265V
308477	143835	2012	0.8	Susceptible	1.1	Susceptible	NA	NA	NA	NA	NA	NA	N254K, A265V, S283G
308478	143835	2012	100.0	Resistant	100.0	Resistant	NA	NA	NA	NA	NA	NA	G140S, Q148H, N254K, S283G
308401	143802	2012	0.9	Susceptible	1.6	Susceptible	NA	NA	NA	NA	NA	NA	L101I, T112V, I113L
308402	143802	2012	16.0	Resistant	36.0	Resistant	NA	NA	NA	NA	NA	NA	E11D, A21T, L101I, T112V, I113L, N155H
308444	143820	2012	1.1	Susceptible	1.4	Susceptible	NA	NA	NA	NA	NA	NA	S17N, K219Q, I220L, S255K
308526	143861	2012	0.9	Susceptible	1.0	Susceptible	NA	NA	NA	NA	NA	NA	D6E, S17N, A98G, L101I, T124N, K136N, F181L, V201I, A265V
308255	143745	2012	0.9	Susceptible	1.7	Susceptible	NA	NA	NA	NA	NA	NA	T112A, T125A, E212A, Q216H, T218S, K219N
308261	143747	2012	100.0	Resistant	100.0	Resistant	NA	NA	NA	NA	NA	NA	V31I, K111T, S119G, T122I, T125A, G140S, Q148H, R231K, D288N
308363	143786	2012	18.0	Resistant	67.0	Resistant	NA	NA	NA	NA	NA	NA	S39C, Y99H, N155H, V201I
308361	143786	2012	0.9	Susceptible	1.4	Susceptible	NA	NA	NA	NA	NA	NA	S39C, Y99H, V201I
308588	143895	2012	1.1	Susceptible	1.2	Susceptible	NA	NA	NA	NA	NA	NA	K14R, C56S, L101I, V201I, I220L, Y227F, D256E
308122	143693	2012	1.1	Susceptible	0.9	Susceptible	NA	NA	NA	NA	NA	NA	E11D, L101I, T124A, F181L, G193R, V201I, T206S, D253E, D256E
308590	143897	2012	1.0	Susceptible	0.9	Susceptible	NA	NA	NA	NA	NA	NA	L101I, V201I, K219Q, D256E
308532	143864	2012	0.9	Susceptible	1.0	Susceptible	NA	NA	NA	NA	NA	NA	S17C, T112R, T125A, K188R, T218I, A265V
612753	296653	2020	100.0	Resistant	100.0	Resistant	6.0	Resistant	3.1	Susceptible	NA	NA	K7Q, E11D, S24N, L101I, T124N, G140S, Q148H, G193R, T206S, T218S
663524	319986	2022	0.8	Susceptible	1.1	Susceptible	0.9	Susceptible	NA	NA	NA	NA	S17N, L101I, I113V, S119T, T125A, V151I, K211Q, E212Q, T218I, L234V, S255N, D256E, S283G
663515	319986	2022	12.6	Resistant	6.0	Resistant	9.6	Resistant	NA	NA	NA	NA	S17N, L101I, I113V, G118R, S119T, T124A, T125A, V151I, K211Q, E212Q, T218I, L234V, S255N, D256E, S283G
308274	143753	2012	1.3	Susceptible	1.2	Susceptible	NA	NA	NA	NA	NA	NA	V31I, T124N, T125A, D232E, L234I, D253E, D256E
308367	143788	2012	1.1	Susceptible	1.4	Susceptible	NA	NA	NA	NA	NA	NA	E10D, E11D, G193D, S195C, T206S, I208L, E212A, N254Q, R269K, D286N
308275	143754	2012	0.8	Susceptible	2.0	Susceptible	NA	NA	NA	NA	NA	NA	E11D, S24N, D25E, L68I, I73V, T124A, D167E, I220L
308581	143890	2012	1.1	Susceptible	1.0	Susceptible	NA	NA	NA	NA	NA	NA	S17N, V54I, L101I, T124A, T125A, I208L, K215N, L234I, N254K, A265V
308530	143863	2012	1.0	Susceptible	1.5	Susceptible	NA	NA	NA	NA	NA	NA	E10D, K34R, L101I, K111R, T124N, T125A, A175T, V201I, K211R, S230N, S283G
308124	143694	2012	1.0	Susceptible	1.3	Susceptible	NA	NA	NA	NA	NA	NA	E11D, V37I, I60V, S119G, T124N, T125A, V201I, I203M
308370	143789	2012	1.2	Susceptible	1.2	Susceptible	NA	NA	NA	NA	NA	NA	S17N, V31I, L101I, K111T, T124A, V165I, F181L, D256E
308627	143918	2012	0.8	Susceptible	1.5	Susceptible	NA	NA	NA	NA	NA	NA	V31I, M50I, T124A, T206S, Y227F, A265V
308119	143691	2012	0.6	Susceptible	1.1	Susceptible	NA	NA	NA	NA	NA	NA	E10D, M50I, G106A, K156N, V201I, T206S, D232E, L234H
308242	143740	2012	0.9	Susceptible	1.3	Susceptible	NA	NA	NA	NA	NA	NA	E10D, E11D, S39C, L45Q, L101I, T124A, I135V, Q216H
308455	143825	2012	0.7	Susceptible	1.3	Susceptible	NA	NA	NA	NA	NA	NA	E10D, M50I, L101I, T112I, S119P, T124A, T125A, I135L, T206S
308460	143827	2012	1.2	Susceptible	1.4	Susceptible	NA	NA	NA	NA	NA	NA	E10D, S24A, L101I, K111T, S119T, T125A, K160R, K188R, G193E, D279G, D286N
308160	143710	2012	0.7	Susceptible	1.3	Susceptible	NA	NA	NA	NA	NA	NA	L101I, M154I, V165I, H171L, K211R
308333	143775	2012	1.0	Susceptible	1.2	Susceptible	NA	NA	NA	NA	NA	NA	E11D, L28I, T218I
308339	143777	2012	0.8	Susceptible	1.1	Susceptible	NA	NA	NA	NA	NA	NA	K14R, S17N, V31I, C56Y, L101I, T124S, T125A, I135V, K160Q, T218S, I251L
308271	143751	2012	7.6	Resistant	58.0	Resistant	NA	NA	NA	NA	NA	NA	S17N, A49P, T124A, N155H, G193E, V201I, T218S, I220L, D253E, S255R
308629	143919	2012	1.2	Susceptible	2.0	Susceptible	NA	NA	NA	NA	NA	NA	A23V, N27D, M50I, A91T, Q95P, L101I, T112A, S119R, T125P, V201I, T206S
308467	143830	2012	1.0	Susceptible	1.0	Susceptible	NA	NA	NA	NA	NA	NA	S17N, V54I, T112I, T124N, V201I, D256E
308168	143714	2012	0.9	Susceptible	1.1	Susceptible	NA	NA	NA	NA	NA	NA	V31I, L101I, T206S, K211R, Q216H, I268L, D270H, R284G
308329	143773	2012	0.8	Susceptible	1.0	Susceptible	NA	NA	NA	NA	NA	NA	M50L, T112V, V201I, T218S, Q221R
308618	143912	2012	0.7	Susceptible	0.9	Susceptible	NA	NA	NA	NA	NA	NA	S17N, L28I, T124A, T125A, G163E, V201I, K240R
308476	143834	2012	0.7	Susceptible	1.9	Susceptible	NA	NA	NA	NA	NA	NA	S24G, L101I, T124A, S153A, M154I, I200M, V201I, Q216H, Q221R, D256E
467179	221558	2016	NA	NA	NA	NA	0.3	Susceptible	0.3	Susceptible	NA	NA	I5V, S17N, M50L, E69G, I72V, T112I, I113V, T124A, T125A, T174A, V201I, T218I, L234I, D256E
467182	221559	2016	NA	NA	NA	NA	1.0	Susceptible	1.1	Susceptible	NA	NA	S17N, M50L, I72V, T112V, I113V, T124A, T125A, G134D, V201I, L234I, D256E
308253	143744	2012	0.9	Susceptible	0.9	Susceptible	NA	NA	NA	NA	NA	NA	E10D, V201I, R284G
308451	143823	2012	0.6	Susceptible	0.9	Susceptible	NA	NA	NA	NA	NA	NA	S17N, K34R, L74V, L101I, T124A, K173R, A265V
308409	143806	2012	0.8	Susceptible	1.1	Susceptible	NA	NA	NA	NA	NA	NA	L101I, M154L
308582	143891	2012	1.1	Susceptible	2.5	Susceptible	NA	NA	NA	NA	NA	NA	L74I, G163E, H171Q
308587	143894	2012	1.0	Susceptible	1.5	Susceptible	NA	NA	NA	NA	NA	NA	S17N, V31I, V32I, S39C, L101I, T112I, T124N, V201I, A205S, T206S, K211R, S230N
308538	143867	2012	1.0	Susceptible	1.0	Susceptible	NA	NA	NA	NA	NA	NA	E11D, F26Y, L28I, V37I, S39C, M50I, G106A, T112R, T125A, V126L, V201I, T206S, K211R, K219N, N222K, S255N, I268L, M275V, V281M, S283G
88596	25795	2016	NA	NA	NA	NA	0.3	Susceptible	0.4	Susceptible	NA	NA	V88I, M154I
308534	143865	2012	1.4	Susceptible	1.5	Susceptible	NA	NA	NA	NA	NA	NA	S17N, S24D, D25E, S39C, L101I, T124N, V165I, D286N
308352	143782	2012	1.0	Susceptible	1.2	Susceptible	NA	NA	NA	NA	NA	NA	D6E, S17N, V31I, T112V, T124N, T125V, L158F, D232E, A265V
308244	143741	2012	0.9	Susceptible	1.3	Susceptible	NA	NA	NA	NA	NA	NA	E11D, S24N, L101I, I135V, K136T, T206S, I208L, T218S, S230N
308268	143750	2012	0.9	Susceptible	1.4	Susceptible	NA	NA	NA	NA	NA	NA	S17N, S57G, T124N, T218S, K219N, N222K, S230N
308470	143831	2012	0.9	Susceptible	0.8	Susceptible	NA	NA	NA	NA	NA	NA	S17N, I84L, T112I, T124S, T125A, V201I, I203M, L234I, D256E, A265V
308163	143711	2012	0.9	Susceptible	1.2	Susceptible	NA	NA	NA	NA	NA	NA	M154I
308279	143755	2012	0.8	Susceptible	1.4	Susceptible	NA	NA	NA	NA	NA	NA	K14R, L28I, S39C, A91T, T124S, G193E, V201I, T218S, S230N, D279N, S283G
308284	143757	2012	0.8	Susceptible	1.1	Susceptible	NA	NA	NA	NA	NA	NA	D6E, E10D, L45V, L101I, S119P, T122I, T124A
308324	143771	2012	1.0	Susceptible	1.2	Susceptible	NA	NA	NA	NA	NA	NA	E10D, V31I, L101I, G106A, V151I
308130	143697	2012	0.6	Susceptible	1.3	Susceptible	NA	NA	NA	NA	NA	NA	S17N, L28I, D41E, L45V, M50L, T112I, A128T, I220L, Q221H, N222T, D270H, R284G
612756	296655	2020	0.8	Susceptible	1.4	Susceptible	0.9	Susceptible	0.9	Susceptible	NA	NA	S17N, V31I, L101I, T112I, S119P, T122I, T124N, T206S, T218S, Y227F, D256E
308585	143893	2012	1.0	Susceptible	1.9	Susceptible	NA	NA	NA	NA	NA	NA	E10D, L101I, S119P, T122I, T124N, T125S, T218S
308586	143893	2012	8.7	Resistant	22.0	Resistant	NA	NA	NA	NA	NA	NA	E10D, L101I, S119P, T122I, T124N, T125S, Q148R, T218S
308125	143695	2012	0.6	Susceptible	1.5	Susceptible	NA	NA	NA	NA	NA	NA	V31I, T112V, T124A, M154L, K211R, T218S, S230N, S283G
612759	296657	2020	1.3	Susceptible	1.6	Susceptible	1.0	Susceptible	1.2	Susceptible	NA	NA	E11D, V32I, V37I, L101I, T112A, I113L, T122I, T125A, V165I, V201I
308525	143860	2012	3.8	Susceptible	100.0	Resistant	NA	NA	NA	NA	NA	NA	E11D, S17T, A23V, I73V, E92Q, T124A, S153A, G193E, V201I, I208M, E212Y, Q216H, I220L
308524	143860	2012	1.1	Susceptible	1.2	Susceptible	NA	NA	NA	NA	NA	NA	E11D, S17T, A23V, T124A, G193E, V201I, I208M, E212S, Q216H, I220L
308446	143821	2012	1.1	Susceptible	1.3	Susceptible	NA	NA	NA	NA	NA	NA	S17N, L101I, S119T, T124S, T125A, T206S
308417	143809	2012	0.9	Susceptible	1.3	Susceptible	NA	NA	NA	NA	NA	NA	T124A, T125A, I135V, D167E, R284G
308453	143824	2012	1.1	Susceptible	1.1	Susceptible	NA	NA	NA	NA	NA	NA	R20K, L101I, G193E, D256E
467173	221556	2016	NA	NA	NA	NA	0.7	Susceptible	1.5	Susceptible	NA	NA	K14R, V31I, I72V, T112V, I113V, T124A, T125A, G134N, I135V, D167E, V201I, T206S, I208L, N222K, L234I, A265V, R269K, S283G
308251	143743	2012	1.0	Susceptible	0.9	Susceptible	NA	NA	NA	NA	NA	NA	K14R, D25E, K34R, F100Y, L101I, T112V, S119T, T124A, T125A, K136Q, V201I, T218I, L234I, D278A, S283G
308332	143774	2012	0.8	Susceptible	1.0	Susceptible	NA	NA	NA	NA	NA	NA	E11D, L101I, K111T, T112V, S119P, T125A, V126A, V150A, V201I
308474	143833	2012	0.9	Susceptible	1.2	Susceptible	NA	NA	NA	NA	NA	NA	E11D, L101I, F181L, G193E, V201I, I220L, Y227F, D256E, D279N
308166	143713	2012	1.0	Susceptible	1.2	Susceptible	NA	NA	NA	NA	NA	NA	G59E, L101I, T206S, D256E
308414	143808	2012	1.3	Susceptible	1.1	Susceptible	NA	NA	NA	NA	NA	NA	S17N, G59A, L101I, T124S, T125A, K136N, V201I, I203M, S255R
308309	143766	2012	0.8	Susceptible	1.0	Susceptible	NA	NA	NA	NA	NA	NA	D6E, S17N, L74I, L101I, T124A, G163D, R187K, K211T, E212A, Q221S
308101	143680	2012	1.0	Susceptible	1.2	Susceptible	NA	NA	NA	NA	NA	NA	L101I, M154I, V201I, K215N, D279G
308377	143792	2012	1.0	Susceptible	1.1	Susceptible	NA	NA	NA	NA	NA	NA	S17N, E96D, L101I, T124A, V165I, V201I, S255K
308522	143858	2012	0.9	Susceptible	1.3	Susceptible	NA	NA	NA	NA	NA	NA	E11D, A21S, A23V, S24G, V37I, S39C, I60V, L101I, K219N, N222K
308570	143884	2012	0.9	Susceptible	1.0	Susceptible	NA	NA	NA	NA	NA	NA	S17N, M50I, L101I, T124A, G163E, G193E, V201I, D279N
612771	296666	2020	100.0	Resistant	100.0	Resistant	4.4	Resistant	3.0	Susceptible	NA	NA	K14R, A23V, S24G, D25E, L28I, S39C, L101I, T112V, S119P, G140S, Q148H, V165I, V201I, T218S
308523	143859	2012	1.1	Susceptible	1.5	Susceptible	NA	NA	NA	NA	NA	NA	D6E, L74I, T124A, V201I, T206S, I208L, E212A, K215N, S283G
308423	143812	2012	0.6	Susceptible	1.1	Susceptible	NA	NA	NA	NA	NA	NA	L101I, T125A, V126L, L234I
308093	143676	2012	1.0	Susceptible	1.2	Susceptible	NA	NA	NA	NA	NA	NA	K14R, V31I, L101I, T112I, T124A, T125A, G134N, I135V, K136T, V201I, I203M, T206S, Y227F, L234I, S255N, D256E, S283G
308214	143732	2012	1.1	Susceptible	1.0	Susceptible	NA	NA	NA	NA	NA	NA	S17N, K111T, T124A, D256E
308565	143881	2012	0.9	Susceptible	1.8	Susceptible	NA	NA	NA	NA	NA	NA	S17N, L28I, L45I, L101I, S119G, T122I, T124A, T125A, G163E, T218S
308493	143842	2012	0.9	Susceptible	1.1	Susceptible	NA	NA	NA	NA	NA	NA	L101I, S119T, G193S, T206S, N254Q, S283G
308635	143923	2012	0.8	Susceptible	1.0	Susceptible	NA	NA	NA	NA	NA	NA	S17N, S39C, L101I, T112V, T124A, V201I, T218S, I268L
308603	143906	2012	0.8	Susceptible	1.3	Susceptible	NA	NA	NA	NA	NA	NA	S17N, L101I, T124N, T125V, G163E
308150	143705	2012	1.1	Susceptible	1.9	Susceptible	NA	NA	NA	NA	NA	NA	V31I, L101I, T112V, T124A, T125A, G134N, I135V, K136T, T206S, L234I, S283G
308188	143722	2012	41.0	Resistant	100.0	Resistant	NA	NA	NA	NA	NA	NA	E10D, V31I, M50T, L101I, S119R, K136Q, N155H, G163Q, K211R, S283G
308187	143722	2012	0.9	Susceptible	1.4	Susceptible	NA	NA	NA	NA	NA	NA	E10D, V31I, M50T, L101I, K136Q, G163Q, K211R, S283G
308140	143700	2012	1.3	Susceptible	1.4	Susceptible	NA	NA	NA	NA	NA	NA	S17N, V31I, I60L, T124N, T125A, K173R, I182V, Y227F, D253Y, D256E
221095	95081	2012	100.0	Resistant	NA	NA	NA	NA	NA	NA	NA	NA	E11D, S24G, L28I, L101I, I113L, T122I, T124A, G140S, Q148H
308097	143678	2012	0.7	Susceptible	1.2	Susceptible	NA	NA	NA	NA	NA	NA	P30A, L101I, T112A, S123C, T124N, V201I, T218I, D256E, S283G
308611	143909	2012	1.0	Susceptible	1.4	Susceptible	NA	NA	NA	NA	NA	NA	K14R, S24N, L101V, K111R, T112V, T124A, V126M, K160Q, V201I, K211R, S230N
308545	143872	2012	1.0	Susceptible	1.6	Susceptible	NA	NA	NA	NA	NA	NA	S24T, L101I, K111T, T112A, T124A, I135V, F181L, E212S, K215N, Q216H, T218S, S230N
308609	143908	2012	1.1	Susceptible	1.5	Susceptible	NA	NA	NA	NA	NA	NA	E11D, K14R, T112V, T125A, G163T
221116	95084	2012	100.0	Resistant	NA	NA	NA	NA	NA	NA	NA	NA	K14R, V32I, S39C, L101I, T112I, I135V, G140S, Q148H, V201I, T206S, T218S, K240R, C280S
308100	143679	2012	1.0	Susceptible	1.9	Susceptible	NA	NA	NA	NA	NA	NA	L28I, P30S, S39C, T112A, V201I, I220L, D253E
89727	15933	2016	NA	NA	NA	NA	0.8	Susceptible	0.9	Susceptible	NA	NA	S17N, I72V, I84V, T124A, M154I, K173R
308315	143768	2012	0.8	Susceptible	1.3	Susceptible	NA	NA	NA	NA	NA	NA	L74I, E96D
178741	73529	2012	87.0	Resistant	NA	NA	3.0	Susceptible	NA	NA	NA	NA	D25E, I72V, G140S, Q148H, V151I, K211R, K215N
308518	143856	2012	1.0	Susceptible	1.1	Susceptible	NA	NA	NA	NA	NA	NA	S17C, T124N, T125A, I182V, K219N, N222K, D288N
308568	143883	2012	1.1	Susceptible	2.1	Susceptible	NA	NA	NA	NA	NA	NA	E11D, V88I, K111T, S119P, V201I
612773	296668	2020	1.2	Susceptible	1.4	Susceptible	1.2	Susceptible	1.0	Susceptible	NA	NA	P30S, L101I, G163E, K173R, V201I, T206S, Y227F, D253Y, D256E
308109	143685	2012	0.8	Susceptible	1.1	Susceptible	NA	NA	NA	NA	NA	NA	E11D, L101I, K111T, T122I, V201I, T206S
308632	143921	2012	0.8	Susceptible	2.5	Susceptible	NA	NA	NA	NA	NA	NA	E11D, S24N, N27S, A91T, E96D, L101I, S119R, T124S, T125A, K156N, V165I, V201I, I208L, T210S, K211T, E212A, M275V, S283G
308113	143687	2012	1.2	Susceptible	1.7	Susceptible	NA	NA	NA	NA	NA	NA	D6E, S17N, E35Q, S39N, D55S, L101I, T124A, F181L, V201I, I220L, R284G
308318	143769	2012	1.0	Susceptible	1.9	Susceptible	NA	NA	NA	NA	NA	NA	V31I, S119P, T122I, D256E
308302	143763	2012	0.5	Susceptible	1.0	Susceptible	NA	NA	NA	NA	NA	NA	S17N, A91T, L101I, T124A, K156N, V201I, Y227F, D229E, D253Y, D256E, A265V
308374	143790	2012	0.8	Susceptible	1.0	Susceptible	NA	NA	NA	NA	NA	NA	S17N, V31I, L101I, T124A, E157Q, K160Q, D232E, A265V
308104	143682	2012	0.5	Susceptible	0.9	Susceptible	NA	NA	NA	NA	NA	NA	T125A, K156N, E157Q, K211Q, D256E, R284G, D288N
308580	143889	2012	0.5	Susceptible	1.3	Susceptible	NA	NA	NA	NA	NA	NA	R20K, L45I, K156N
308579	143888	2012	0.8	Susceptible	0.9	Susceptible	NA	NA	NA	NA	NA	NA	S17N, V31I, T124A, E157Q, K160Q, V201I, K211R, L213S, N222K, S255G, A265V, R284G
308515	143854	2012	6.2	Resistant	100.0	Resistant	NA	NA	NA	NA	NA	NA	E11D, K14R, S17T, S39C, I60V, L68V, E92Q, T112I, T124A, T206S, E212A
308514	143854	2012	1.2	Susceptible	1.1	Susceptible	NA	NA	NA	NA	NA	NA	E11D, K14R, S17T, I60V, T124A, T206S, E212A
612766	296663	2020	0.9	Susceptible	1.4	Susceptible	0.9	Susceptible	0.9	Susceptible	NA	NA	S17N, R20K, T124N, T125A, M154L, T206S, D256E
661974	318863	2022	NA	NA	NA	NA	1.3	Susceptible	NA	NA	NA	NA	S17N, D25E, V31I, I72V, I84M, L101I, T112V, T124A, T125A, K136Q, V201I, L234I, R269K, D278A, S283G, R284G
665948	318863	2022	4.4	Resistant	10.0	Resistant	11.0	Resistant	NA	NA	NA	NA	S17N, D25E, V31I, I72V, I84M, L101I, T112V, G118R, T125A, K136Q, E138K, V201I, L234I, R263K, R269K, D278A, S283G, R284G
665952	318863	2022	2.0	Susceptible	11.0	Resistant	13.0	Resistant	NA	NA	NA	NA	S17N, D25E, V31I, D41N, H51Y, I72V, I84M, L101I, T112V, G118R, T124A, T125A, K136Q, V201I, L234I, R269K, D278A, S283G, R284G
308086	143673	2012	0.9	Susceptible	0.8	Susceptible	NA	NA	NA	NA	NA	NA	E11D, D25E, V31I, K111T, V201I, S230N, A265V
308553	143875	2012	0.9	Susceptible	1.0	Susceptible	NA	NA	NA	NA	NA	NA	K14R, K34R, V201I, T206S, N254Q, S255G
308419	143810	2012	0.9	Susceptible	1.9	Susceptible	NA	NA	NA	NA	NA	NA	L101I, T124A, T125A, M154I, H171Y, R187K, T206S, K211R
308509	143851	2012	0.8	Susceptible	1.3	Susceptible	NA	NA	NA	NA	NA	NA	T125A, I135V, V201I, K215N, L234I
308510	143851	2012	3.6	Susceptible	44.0	Resistant	NA	NA	NA	NA	NA	NA	M50I, E92Q, T125A, I135V, M154I, I162V, V201I, K215N, L234I
308209	143730	2012	1.1	Susceptible	1.2	Susceptible	NA	NA	NA	NA	NA	NA	A23V, S39C, L101I, T124N, T125A, I135V, D167E, F181L, V201I, K215N, D270N
308558	143877	2012	0.9	Susceptible	1.2	Susceptible	NA	NA	NA	NA	NA	NA	S17N, L101I, T112I, T124N, G163E, V201I, A205S, T206S, D256E
308196	143725	2012	0.9	Susceptible	1.5	Susceptible	NA	NA	NA	NA	NA	NA	T112I, V201I
308489	143840	2012	0.5	Susceptible	1.6	Susceptible	NA	NA	NA	NA	NA	NA	V31I, T125V, K156N, D167E
308600	143903	2012	0.8	Susceptible	1.1	Susceptible	NA	NA	NA	NA	NA	NA	L101I, T125A, I135V, F181L, K188R, G193R, V201I, T206S, T218I, A265V, V281M
308202	143727	2012	1.0	Susceptible	1.6	Susceptible	NA	NA	NA	NA	NA	NA	G106A, K111T, E157Q, K160Q, V201I, D256E
178769	73546	2012	1.5	Susceptible	NA	NA	14.0	Resistant	NA	NA	NA	NA	E10D, E11D, V31I, S119P, T122I, T125A, V126M, N155H, G163E, S195C, L234V
308499	143845	2012	0.7	Susceptible	1.7	Susceptible	NA	NA	NA	NA	NA	NA	T124A, T210I, K211R, A265V, D279G
308144	143702	2012	1.0	Susceptible	1.1	Susceptible	NA	NA	NA	NA	NA	NA	K111T, Q216H
308183	143720	2012	1.0	Susceptible	2.6	Susceptible	NA	NA	NA	NA	NA	NA	E11D, V32I, L68V, I73V, T125A, I135V, V201I, R284G
308298	143761	2012	1.0	Susceptible	1.1	Susceptible	NA	NA	NA	NA	NA	NA	V31I, G106A, S230N, D232E
308601	143904	2012	0.6	Susceptible	1.2	Susceptible	NA	NA	NA	NA	NA	NA	K156N, K188R, V201I, D256E
308503	143847	2012	1.1	Susceptible	1.6	Susceptible	NA	NA	NA	NA	NA	NA	E11D, M50I, S119P, T122I, S195T, V201I, T218I, A265V
308504	143847	2012	19.3	Resistant	59.0	Resistant	NA	NA	NA	NA	NA	NA	E11D, M50I, S119P, T122I, N155H, S195T, V201I, T218I
88608	25807	2016	NA	NA	NA	NA	0.2	Susceptible	0.2	Susceptible	NA	NA	K14R, A21T, V31I, V32I, M50I, I72V, T112V, T124A, T125A, G134N, I135V, K136R, D167E, V201I, T206S, L234I, S283G
308430	143815	2012	1.0	Susceptible	1.1	Susceptible	NA	NA	NA	NA	NA	NA	V31I, L101I, K111T, I135V, V201I, T206S, K211R, E212T, K219N
308431	143815	2012	3.8	Susceptible	30.0	Resistant	NA	NA	NA	NA	NA	NA	V31I, I84M, E92Q, L101I, K111T, I135V, V201I, T206S, K211R, E212T, K219N
308232	143737	2012	0.8	Susceptible	1.4	Susceptible	NA	NA	NA	NA	NA	NA	E11D, S24N, K34R, L101I, S119P, I135V, K211R, D256E
308542	143870	2012	1.0	Susceptible	1.1	Susceptible	NA	NA	NA	NA	NA	NA	K14R, R20K, S24N, D25E, V31I, G59E, I60V, L101I, T124A, N222K
308543	143870	2012	3.0	Susceptible	36.0	Resistant	NA	NA	NA	NA	NA	NA	K14R, R20K, S24N, D25E, V31I, G59E, I60V, E92Q, L101I, T124A, T125A, K215R, N222K
612764	296661	2020	17.0	Resistant	33.0	Resistant	1.5	Susceptible	1.4	Susceptible	NA	NA	D6E, E11D, S24G, V32I, A80S, L101I, S119A, T124N, T125V, N155H, G163R, K173R, D232E
308437	143817	2012	1.1	Susceptible	1.9	Susceptible	NA	NA	NA	NA	NA	NA	K14R, R20K, V31I, T97A, L101I, T112V, T124A, T125A, G134N, I135V, G163Q, G193E, V201I, T206S, Y227F, L234I, S255N, D256E, D279G, S283G
308088	143674	2012	0.4	Susceptible	1.0	Susceptible	NA	NA	NA	NA	NA	NA	S17N, V31I, L101I, T124S, T125A, K156N, E198D, V201I, T206S, D232E, A265V
661970	318861	2022	NA	NA	NA	NA	0.9	Susceptible	NA	NA	NA	NA	S17N, R20K, V31I, I72V, L74I, T112I, I113V, S119P, T124S, T125A, G134N, K136Q, D167E, V201I, L234I, D253E, S255N
308224	143735	2012	1.5	Susceptible	1.3	Susceptible	NA	NA	NA	NA	NA	NA	E11D, A23V, L28I, V37I, L101I, T206S, K215N, D256E, S283G
308228	143735	2012	57.0	Resistant	73.0	Resistant	NA	NA	NA	NA	NA	NA	E11D, A23V, L28I, V37I, L101I, N155H, V201I, T206S, K215N, D256E, S283G
661976	318864	2022	NA	NA	NA	NA	0.6	Susceptible	NA	NA	NA	NA	E11D, S24N, D25E, V31I, M50I, F100Y, L101I, T112V, S119T, T125A, K136Q, G163T, V201I, T206S, L234I, R269K, D278A, S283D, D288N
612767	296664	2020	100.0	Resistant	100.0	Resistant	6.2	Resistant	3.2	Susceptible	NA	NA	S17N, S24N, L101I, K111Q, T124N, T125A, G140S, Q148H, M154I, V165I, V201I
308512	143853	2012	2.6	Susceptible	6.1	Resistant	NA	NA	NA	NA	NA	NA	E11D, V31I, G70E, T97A, L101I, T112I, S119R, T124N, D167E, V201I, T206S, I208L, E212A, T218S, S255N, D256E, R284G
308385	143795	2012	0.7	Susceptible	1.1	Susceptible	NA	NA	NA	NA	NA	NA	M50I, L101I, V176L, A205S, T206S, T218S, Y227F, S255N, D256E
308597	143901	2012	0.9	Susceptible	0.9	Susceptible	NA	NA	NA	NA	NA	NA	E11D, L101I, S119G, T124N, S195T, V201I, T206S, Y227F, L234I, S255N, D256E, S283G
308574	143886	2012	1.1	Susceptible	1.5	Susceptible	NA	NA	NA	NA	NA	NA	V31I, S39C, T124N, V201I, K215Q, T218S, S230N, D232E, L234H, D253E, N254D
308389	143797	2012	0.7	Susceptible	0.9	Susceptible	NA	NA	NA	NA	NA	NA	K14R, S17N, I60M, L101I, T112V, T124A, E138D, V201I, A265V, S283G, D286N
308304	143764	2012	0.6	Susceptible	1.1	Susceptible	NA	NA	NA	NA	NA	NA	S17N, V31I, M50I, T124A, K156N, V165I, V201I, S255K, I268L
308181	143719	2012	0.9	Susceptible	1.2	Susceptible	NA	NA	NA	NA	NA	NA	S17N, L45V, T112I, T124N, T125A, T206S, D256E
308335	143776	2012	1.4	Susceptible	1.5	Susceptible	NA	NA	NA	NA	NA	NA	K14R, S17N, N18D, A21T, T124A, S195C, I203M, S230N, D278A, R284G
308614	143910	2012	1.1	Susceptible	1.9	Susceptible	NA	NA	NA	NA	NA	NA	S119R, T125S, G193E, L234I, N254S, S255G, D279G
308486	143839	2012	0.9	Susceptible	1.1	Susceptible	NA	NA	NA	NA	NA	NA	K7R, L28I, S39C, T124A, I208L, Q216H
308262	143748	2012	1.0	Susceptible	1.4	Susceptible	NA	NA	NA	NA	NA	NA	L101I, T124A, V201I, K211R, K215N
308264	143749	2012	0.8	Susceptible	1.5	Susceptible	NA	NA	NA	NA	NA	NA	E11D, D25E, L101I, K111R, S119P, T122I, T124A, M154L, D256E
308483	143838	2012	0.7	Susceptible	0.9	Susceptible	NA	NA	NA	NA	NA	NA	S17C, S119P, T124N, T125A, V126L, I182V, T206S
308458	143826	2012	0.8	Susceptible	1.2	Susceptible	NA	NA	NA	NA	NA	NA	S17N, L28I, P30A, G59E, I60V, L101I, T124A, V201I, T206S
308180	143718	2012	13.0	Resistant	98.0	Resistant	NA	NA	NA	NA	NA	NA	S17N, D25E, M50I, L101I, T124A, N155H, K156N, Q221S, N222K
308178	143718	2012	0.6	Susceptible	0.9	Susceptible	NA	NA	NA	NA	NA	NA	S17N, D25E, M50I, L101I, K156N, Q221S, N222K, D253E
308403	143803	2012	0.9	Susceptible	1.4	Susceptible	NA	NA	NA	NA	NA	NA	E11D, V31I, M50I, L101I, K111T, F181L, V201I, S283G
308594	143899	2012	1.0	Susceptible	2.1	Susceptible	NA	NA	NA	NA	NA	NA	E11D, D25E, V31I, M50I, M154L, V201I
612752	296652	2020	1.0	Susceptible	1.9	Susceptible	1.0	Susceptible	1.0	Susceptible	NA	NA	D6N, K7E, L28I, P30A, K211R, D286N
308348	143780	2012	1.6	Susceptible	20.0	Resistant	NA	NA	NA	NA	NA	NA	E11D, A21T, M50I, E92G, S119P, T124A, D256E
308347	143780	2012	0.8	Susceptible	1.0	Susceptible	NA	NA	NA	NA	NA	NA	E11D, S24N, M50I, S119P, T124A, D253E, D256E
308121	143692	2012	0.9	Susceptible	1.4	Susceptible	NA	NA	NA	NA	NA	NA	E11D, S24N, S39C, V201I, S230N
308272	143752	2012	0.7	Susceptible	1.6	Susceptible	NA	NA	NA	NA	NA	NA	M50I, S119P, T125A, M154L, D167E, V201I, K211R, T218I
308591	143898	2012	0.9	Susceptible	1.2	Susceptible	NA	NA	NA	NA	NA	NA	V31I, D41G, K42Q, L45Q, F100Y, L101I, T112V, T124A, T125A, K136Q, V201I, L234I, D278A, S283G, R284G
221121	95086	2012	39.0	Resistant	NA	NA	NA	NA	NA	NA	NA	NA	A21S, M22I, A23V, S24G, I84V, V151I, M154I, N155H, V165I, V201I, D232N
221126	95086	2012	1.0	Susceptible	NA	NA	NA	NA	NA	NA	NA	NA	A21S, A23V, S24G, I84V, M154I, V165I, V201I
108572	38987	2016	NA	NA	NA	NA	0.1	Susceptible	0.1	Susceptible	NA	NA	K14R, V31I, L74I, L101I, T112V, T124A, T125A, G134N, I135V, K136T, H171Q, V201I, T206S, I208M, T218I, L234I, A265V, R269K, D286N
663488	319985	2022	36.0	Resistant	31.0	Resistant	22.0	Resistant	NA	NA	NA	NA	E11D, S17T, I72L, L74M, V88I, I113V, G118R, T125A, I141V
663498	319985	2022	1.0	Susceptible	1.8	Susceptible	0.9	Susceptible	NA	NA	NA	NA	E11D, S17T, V88I, I113V, T125A, I141V
178673	73504	2012	35.0	Resistant	NA	NA	2.0	Susceptible	NA	NA	NA	NA	D6E, E10D, A23S, V31I, L101I, T124A, V151I, N155H, K156N, V201I, D232N, M275V
178677	73504	2012	1.0	Susceptible	NA	NA	1.0	Susceptible	NA	NA	NA	NA	D6E, E10D, V31I, L101I, T124A, K156N, V201I, M275V
308364	143787	2012	0.9	Susceptible	1.3	Susceptible	NA	NA	NA	NA	NA	NA	E11D, D25E, K111T
467670	221677	2018	NA	NA	NA	NA	100.0	Resistant	NA	NA	NA	NA	E11D, S17T, A23V, V37I, K71Q, T97A, K111A, S119R, T125Q, E138T, G140S, Q148H, I203M
88697	24705	2016	NA	NA	NA	NA	0.8	Susceptible	1.2	Susceptible	NA	NA	E11D, D25E, V31I, F100Y, L101I, T112V, S119P, K136Q, V201I, T218I, L234I, A265V, R269K, D278A, S283G
308528	143862	2012	1.2	Susceptible	1.0	Susceptible	NA	NA	NA	NA	NA	NA	E11D, K14R, A21T, A23V, L101I, S119T
308400	143801	2012	1.0	Susceptible	1.3	Susceptible	NA	NA	NA	NA	NA	NA	L101I, K111R, V201I, T206S, K211R, E212I, T218Q, K219Q, S255K
308589	143896	2012	1.1	Susceptible	1.2	Susceptible	NA	NA	NA	NA	NA	NA	S39C, M50I, L101I, T124A, T125A, D253E, S283G, R284G
308359	143785	2012	1.0	Susceptible	1.3	Susceptible	NA	NA	NA	NA	NA	NA	M50I, V151I
308466	143829	2012	1.1	Susceptible	1.1	Susceptible	NA	NA	NA	NA	NA	NA	S17N, L101I, T112I, T124A, T125A, G134N, K136T, V201I, T206S, Y227F, L234I, S255N, D256E, S283G
308406	143804	2012	0.8	Susceptible	1.2	Susceptible	NA	NA	NA	NA	NA	NA	L45V, L101I, G163E, S195C, Q216H, K219Q, D278A
308407	143804	2012	0.9	Susceptible	1.3	Susceptible	NA	NA	NA	NA	NA	NA	L101I, G163E, S195C, Q216H, K219Q, D278A
308258	143746	2012	0.8	Susceptible	1.1	Susceptible	NA	NA	NA	NA	NA	NA	S17N, L63M, T124A, T125A, K215N, I220L, D279G
308342	143778	2012	1.1	Susceptible	1.3	Susceptible	NA	NA	NA	NA	NA	NA	V31I, K136N, V201I, S230N, D256E
308344	143779	2012	1.2	Susceptible	1.5	Susceptible	NA	NA	NA	NA	NA	NA	D41N, L45Q, L101I, T125A, F181L, V201I, K219N, N222K, S283G
308626	143917	2012	1.0	Susceptible	1.0	Susceptible	NA	NA	NA	NA	NA	NA	E10D, L101I, S119G, T122I, T124A, V201I, I220L
178699	73511	2012	57.0	Resistant	NA	NA	1.0	Susceptible	NA	NA	NA	NA	S17N, I72V, L101I, G140S, Q148H, K156N, V201I, I208L
178698	73511	2012	1.0	Susceptible	NA	NA	1.0	Susceptible	NA	NA	NA	NA	S17N, I72V, K156N, V201I, I208L
308479	143836	2012	1.1	Susceptible	1.3	Susceptible	NA	NA	NA	NA	NA	NA	K14R, S24N, L74I, T112V, T124N, T125A, G134N, K136T, V201I, T206S, L234I, S255N, D256E, S283G, R284G, D286N
308623	143915	2012	1.2	Susceptible	1.4	Susceptible	NA	NA	NA	NA	NA	NA	D6E, E10D, T124N, V201I, D232E, D256E
308174	143716	2012	0.8	Susceptible	1.1	Susceptible	NA	NA	NA	NA	NA	NA	S17N, L101I, T112V, T124N, I135V, G193D, S195C, D256E, A265V, D278A
308463	143828	2012	1.1	Susceptible	1.5	Susceptible	NA	NA	NA	NA	NA	NA	E11D, V31I, T112V, T122I, A196P, V201I, S230N
