SeqID	PtID	PubYear	EFV	EFV_res	NVP	NVP_res	ETR	ETR_res	RPV	RPV_res	CompMutList	fold
205660	0	2012	1.4	Susceptible	1.0	Susceptible	2.2	Susceptible	2.3	Susceptible	K122E, E138K, F214L	3.0
205661	1	2012	1.5	Susceptible	0.8	Susceptible	2.8	Susceptible	2.5	Susceptible	K122E, E138K, M184I, F214L	4.0
205662	2	2012	1.2	Susceptible	0.9	Susceptible	2.0	Susceptible	2.0	Susceptible	K122E, E138K, M184V, F214L	3.0
205663	3	2012	0.8	Susceptible	0.6	Susceptible	0.9	Susceptible	1.0	Susceptible	K122E, M184I, F214L	0.0
205664	4	2012	0.8	Susceptible	0.8	Susceptible	0.8	Susceptible	0.8	Susceptible	K122E, M184V, F214L	4.0
205665	5	2012	1.0	Susceptible	1.0	Susceptible	1.0	Susceptible	1.0	Susceptible	K122E, F214L	1.0
205677	22101	2011	6.6	Resistant	100.0	Resistant	5.6	Resistant	2.2	Susceptible	V35R, M41L, K49R, V60I, D67N, T69N, K70R, V108I, K122Q, I135T, S162D, D177E, Y181C, M184V, V189I, T200A, T215F, D218E, K219Q, L228R	3.0
205679	2318	2011	0.4	Susceptible	0.4	Susceptible	0.3	Susceptible	0.3	Susceptible	M41L, D67N, T69D, V75T, V118I, K122E, D123E, Q207E, L210W, T215Y	3.0
205681	4992	2011	8.4	Resistant	100.0	Resistant	0.3	Susceptible	0.6	Susceptible	V35T, D67N, K70R, K103N, V106A, D123E, D177E, M184V, G196E, T200A, R211N, T215F, K219Q	0.0
205683	5321	2011	8.1	Resistant	100.0	Resistant	1.1	Susceptible	1.1	Susceptible	M41L, K43N, D67G, T69N, K70R, L74I, K103N, I142V, Y181C, M184V, G196E, I202V, T215F, K219Q	0.0
205685	9881	2011	0.8	Susceptible	1.1	Susceptible	0.6	Susceptible	0.6	Susceptible	T39A, D67N, T69N, K70R, K103R, I135L, F214L, K219Q	1.0
219083	6	2011							6.0	Resistant	Y188L	2.0
258512	7	2012							1.5	Susceptible	K102Q, E138G, S162C	2.0
258513	8	2012							0.4	Susceptible	K102Q, S162C, M184V	3.0
258514	9	2012							1.5	Susceptible	K102Q, S162C, Y181C	4.0
258515	10	2012							2.1	Susceptible	K101E, K102Q, S162C	1.0
258516	11	2012							10.0	Resistant	K102Q, S162C, Y181I	3.0
258517	12	2012							1.8	Susceptible	K101E, K102Q, S162C, M184V	0.0
258518	13	2012							2.1	Susceptible	K101E, K102Q, S162C, M184I	2.0
258519	14	2012							2.9	Susceptible	K102Q, E138Q, S162C	3.0
258521	15	2012							0.9	Susceptible	K102Q, K103N, S162C	4.0
258522	16	2012							1.8	Susceptible	K102Q, E138R, S162C	1.0
258523	17	2012							1.5	Susceptible	K102Q, E138A, S162C	0.0
258524	18	2012							0.8	Susceptible	K102Q, S162C, H221Y	1.0
258526	19	2012							12.0	Resistant	K101P, K102Q, S162C	2.0
258527	20	2012							1.6	Susceptible	K101Q, K102Q, S162C	3.0
268425	21	2013	1.2	Susceptible	1.0	Susceptible	1.0	Susceptible	1.1	Susceptible	K102Q, K103R, S162C	4.0
268426	22	2013	100.0	Resistant	20.7	Resistant	6.5	Resistant	17.4	Resistant	L100I, K102Q, K103S, S162C	2.0
268427	23	2013	100.0	Resistant	51.3	Resistant	8.2	Resistant	13.8	Resistant	L100I, K102Q, K103N, S162C	3.0
268428	24	2013	6.8	Resistant	2.1	Susceptible	1.3	Susceptible	0.7	Susceptible	L100I, K102Q, S162C	0.0
268429	25	2013	6.8	Resistant	34.8	Resistant	1.1	Susceptible	1.2	Susceptible	K102Q, K103S, S162C	1.0
268430	26	2013	14.2	Resistant	16.5	Resistant	3.1	Resistant	2.8	Susceptible	K102Q, K103R, S162C, V179D	4.0
268431	27	2013	9.3	Resistant	1.3	Susceptible	1.0	Susceptible	1.0	Susceptible	L100I, K102Q, K103R, S162C	2.0
268432	28	2013	100.0	Resistant	26.4	Resistant	20.3	Resistant	6.8	Resistant	L100I, K102Q, K103R, S162C, V179D	3.0
270334	29	2013	2.1	Susceptible	3.3	Resistant	3.1	Resistant	3.2	Resistant	K101E, K102Q, E138K, S162C	0.0
270335	30	2013	1.6	Susceptible	0.8	Susceptible	3.3	Resistant	3.2	Resistant	K102Q, E138K, S162C, M184I	1.0
270336	31	2013	1.9	Susceptible	2.0	Susceptible	3.2	Resistant	3.3	Resistant	K101E, K102Q, E138K, S162C, M184I	4.0
270337	32	2013	1.3	Susceptible	0.9	Susceptible	2.5	Susceptible	2.3	Susceptible	K102Q, E138K, S162C	0.0
270338	33	2013	2.1	Susceptible	100.0	Resistant	4.9	Resistant	3.0	Resistant	K101E, K102Q, S162C	1.0
40381	5346	2013	60.0	Resistant	100.0	Resistant	1.1	Susceptible	4.4	Resistant	M41L, E44D, D67N, I135T, S162C, R172K, Y188L, V189I, T200A, L210W, T215Y, D218E, K219R	1.0
259224	114910	2014	1.4	Susceptible	1.3	Susceptible	1.3	Susceptible	1.5	Susceptible	V35I, K122P, D123E, I135L, T139I, D177E	4.0
259188	114898	2013	1.3	Susceptible	1.6	Susceptible	1.3	Susceptible	1.3	Susceptible	D123E, I178L, Q207E, R211K	1.0
235690	102630	2013	1.1	Susceptible	1.1	Susceptible	0.9	Susceptible	1.1	Susceptible	K122E, D123N, L210F, R211K	3.0
87123	30182	2012	15.0	Resistant	100.0	Resistant	1.7	Susceptible	1.8	Susceptible	V35I, K101H, I135V, S162C, D177E, G190A, T200E, R211K	3.0
259190	114899	2013	0.8	Susceptible	0.6	Susceptible	0.8	Susceptible	0.9	Susceptible	V35I, R83K, S162A, Q207E	4.0
205669	86796	2012	0.4	Susceptible	0.3	Susceptible	0.6	Susceptible	0.6	Susceptible	P4S, V35T, V60I, D67N, K70G, K102Q, V118I, D123E, E138A, S162C, Q174K, M184V, G196E, Q207E, K219Q, D237E	4.0
259184	114896	2013	17.0	Resistant	100.0	Resistant	3.9	Resistant	4.5	Resistant	K20R, V35M, T69D, K102Q, K103N, K122E, E138G, I178L, Q207E	3.0
216654	92368	2012	2.1	Susceptible	2.5	Susceptible	3.6	Resistant	3.2	Resistant	D123E, S162C, I178L, Q207E, R211K	2.0
41342	9880	2012	100.0	Resistant	100.0	Resistant	3.7	Resistant	88.0	Resistant	M41L, K43Q, T69S, K101P, K103N, V118I, K122E, S162D, K166R, D177N, V179I, M184V, T200A, Q207E, L210F, R211K, T215Y	3.0
235704	102637	2013	4.2	Resistant	100.0	Resistant	100.0	Resistant	100.0	Resistant	E28K, K32E, T39K, M41L, K43E, E44A, V60I, D67N, V75M, R83K, K103S, V118I, K122E, I135T, V179T, Y181V, M184V, T200A, E203V, Q207E, H208Y, L210W, R211K, T215Y, D218E, K219E, L228H	4.0
42062	7953	2013	100.0	Resistant	100.0	Resistant	94.0	Resistant	28.0	Resistant	K20R, D67N, K70R, K122E, I135V, E138A, S162C, G190E, T200A, F214M, T215F, K219Q, L228H	4.0
27725	8423	2013	100.0	Resistant	100.0	Resistant	100.0	Resistant	100.0	Resistant	V60I, D67G, S68G, L74V, I135V, E138A, K173E, I178M, G190E, R211A, K219N	2.0
235700	102635	2013	100.0	Resistant	100.0	Resistant	100.0	Resistant	100.0	Resistant	L100I, Y115F, K122E, A158S, E169D, M184V, Y188L, G196D, Q207K, T215F, K219E, L228H	0.0
216590	92336	2012	3.7	Resistant	100.0	Resistant	0.2	Susceptible	0.2	Susceptible	V35L, M41L, K43A, S68G, K103S, V118I, K122E, D177G, V179I, M184V, G190A, L210W, T215Y	2.0
259246	114915	2014	0.8	Susceptible	0.9	Susceptible	0.9	Susceptible	0.9	Susceptible	V35M, V60I, R83K, K122E, I135T, S162H	2.0
205684	9881	2011	0.4	Susceptible	0.4	Susceptible	0.3	Susceptible	0.3	Susceptible	T39A, K64N, D67N, T69N, K70R, K103R, I135L, F214L, K219Q	1.0
259254	114917	2014	1.0	Susceptible	0.7	Susceptible	1.0	Susceptible	1.1	Susceptible	V35E, T39A, D177E, G196E, Q207E, R211K	4.0
259256	114917	2014	0.8	Susceptible	100.0	Resistant	17.7	Resistant	25.9	Resistant	V35E, T39A, E138K, D177E, Y181I, M184V, G196E, Q207E, R211K	4.0
51884	14314	2006	100.0	Resistant	100.0	Resistant	100.0	Resistant	100.0	Resistant	D67G, S68G, T69N, K70R, K101P, K102Q, K103S, D177E, I178L, M184V, T200A, T215V, K219E	1.0
213422	90541	2013	0.5	Susceptible	0.5	Susceptible	0.5	Susceptible	0.5	Susceptible	I135T, E169D, D177E, V179L, I202V	0.0
258510	114482	2013	14.0	Resistant	100.0	Resistant	15.0	Resistant	7.7	Resistant	K20R, V60I, K103N, D123E, I142V, Y181C, G196E, T200A, R211K, K219E	2.0
51863	643	2013	42.0	Resistant	100.0	Resistant	2.3	Susceptible	2.8	Susceptible	K20R, K101E, K122E, M184V, G190A	2.0
235726	102648	2013	100.0	Resistant	100.0	Resistant	21.0	Resistant	100.0	Resistant	K101P, K103N, I135V, I142V, Q145V, M184V, T200A	1.0
235728	102649	2013	100.0	Resistant	100.0	Resistant	2.5	Susceptible	100.0	Resistant	T39A, M41L, E44D, K103N, K122E, D123S, I135T, I142V, M184V, Y188L, H208Y, L210W, R211K, T215Y, L228H	2.0
86993	30117	2013	1.0	Susceptible	0.6	Susceptible	1.3	Susceptible	1.1	Susceptible	K20R, V35I, I135T, E138K, R172K, T200V, F214L	1.0
10723	1524	2013	0.4	Susceptible	0.2	Susceptible	0.3	Susceptible	0.3	Susceptible	V35T, T39A, M41L, V60I, D67N, T69D, V75M, F77L, V118I, K122E, I135T, E138K, M184V, L210W, T215Y	2.0
259198	114903	2013	1.3	Susceptible	1.0	Susceptible	2.0	Susceptible	1.5	Susceptible	E6D, V106I, V118I, I135V, T165I, T200A, F214L	3.0
216602	92342	2012	1.2	Susceptible	1.8	Susceptible	2.4	Susceptible	2.0	Susceptible	K20R, V35M, T69D, K102Q, S162C, I178L, Q207E	1.0
205673	86800	2012	1.4	Susceptible	100.0	Resistant	4.2	Resistant	2.2	Susceptible	D67G, K70E, V90I, K102Q, I135T, S162F, Y181C, T200E, R211Q	3.0
77294	8049	2013	100.0	Resistant	100.0	Resistant	100.0	Resistant	7.3	Resistant	V35L, D67N, K70R, K101R, K103R, D177E, I178M, G190E, G196E, T200A, E204N, R211K, T215F, K219E, L228H	1.0
216604	92343	2012	0.7	Susceptible	0.7	Susceptible	0.7	Susceptible	0.6	Susceptible	R211K	2.0
259200	114904	2014	0.5	Susceptible	0.2	Susceptible	0.5	Susceptible	0.6	Susceptible	K20R, V35L, T39A, K122E, I135R, K173E, D177E, V179I, G196E, T200I, I202V, R211K	3.0
259202	114904	2014	3.2	Resistant	100.0	Resistant	14.8	Resistant	10.1	Resistant	K20R, V35L, T39A, K122E, I135R, K173E, D177E, V179I, Y181C, M184V, G196E, T200I, R211K	3.0
51819	5423	2013	3.1	Resistant	100.0	Resistant	10.0	Resistant	4.1	Resistant	W88C, D121H, K122E, I135T, D177E, Y181C, R211K, H221Y	2.0
235722	102646	2013	29.0	Resistant	100.0	Resistant	22.0	Resistant	9.8	Resistant	K22R, V35M, S162C, I178L, V179I, Y181C, M184V, Y188L, T200A, Q207E	0.0
258506	114480	2013	1.5	Susceptible	2.0	Susceptible	1.3	Susceptible	1.5	Susceptible	K20R, R83K, Q174K, I178L, H198E, Q207E, R211K	3.0
205156	5244	2012	100.0	Resistant	100.0	Resistant	95.0	Resistant	13.0	Resistant	M41L, A98S, K101P, K102Q, K103N, D123E, K166R, D177E, D192N, R211K, T215Y	3.0
41125	9849	2013	100.0	Resistant	100.0	Resistant	60.0	Resistant	100.0	Resistant	K20R, K64R, D67G, K70R, K101P, K103N, D123E, R172K, M184V, Q207E, R211K, F214L, K219E	0.0
235718	102644	2013	1.5	Susceptible	1.9	Susceptible	1.5	Susceptible	1.6	Susceptible	P4S, D123E, E169D, I178L, T200A, R211K	4.0
11341	5543	2013	1.1	Susceptible	100.0	Resistant	18.0	Resistant	10.0	Resistant	M41L, L74V, I142V, T165L, E169D, Y181I, M184V, R211K, T215Y	4.0
216638	92360	2012	0.9	Susceptible	0.9	Susceptible	0.9	Susceptible	1.0	Susceptible	T200A	1.0
259208	114906	2014	0.9	Susceptible	0.8	Susceptible	1.1	Susceptible	0.9	Susceptible	K173Q, I178M, T200A, Q207E, R211K	1.0
235712	102641	2013	0.7	Susceptible	0.3	Susceptible	0.8	Susceptible	0.7	Susceptible	V60I, I135V, D177E, R211K	1.0
235730	102650	2013	68.0	Resistant	100.0	Resistant	1.7	Susceptible	4.2	Resistant	V35T, M41L, L80I, K122E, D177E, Y188L, H198E, T215D	3.0
205670	86797	2012	84.0	Resistant	26.0	Resistant	0.8	Susceptible	0.8	Susceptible	R83K, K102Q, V106M, K122E, I135V, S162C, Q174R, D177E, V179D, G196E, I202V, R211Q, F214L	0.0
216598	92340	2012	8.0	Resistant	40.0	Resistant	1.1	Susceptible	1.2	Susceptible	V35I, R83K, K103N, I135T, E138G, R211K	0.0
259216	114908	2014	0.8	Susceptible	0.9	Susceptible	1.0	Susceptible	1.0	Susceptible	V60I, S68G, G196E	4.0
259220	114909	2014	0.6	Susceptible	0.4	Susceptible	0.8	Susceptible	0.8	Susceptible	V35I, R83K, D177E, G196E, R211K	0.0
259222	114909	2014	11.7	Resistant	100.0	Resistant	44.0	Resistant	19.2	Resistant	K11T, V35I, E40K, K65R, I135L, D177E, I178M, Y181C, Y188H, G196E	0.0
205667	86794	2012	100.0	Resistant	74.0	Resistant	0.4	Susceptible	0.3	Susceptible	V35I, R83K, K103N, D123E, S162C, D177E, I178R, V179F	1.0
258504	114479	2013	100.0	Resistant	100.0	Resistant	0.6	Susceptible	1.3	Susceptible	E6D, M41L, E44D, K49R, V60I, D67N, K70R, K103N, D123E, I135T, M184V, T200I, I202V, T215V, K219E, L228H	0.0
56197	5042	2013	100.0	Resistant	100.0	Resistant	32.0	Resistant	53.0	Resistant	D67N, K70R, L74V, L100I, K103N, D123E, I135T, K166R, G196E, T200A, I202V, T215I, K219E	1.0
235716	102643	2013	15.0	Resistant	54.0	Resistant	1.1	Susceptible	1.1	Susceptible	K103N, K122E, K173Q, I178M	2.0
216592	92337	2012	0.4	Susceptible	15.0	Resistant	0.4	Susceptible	0.3	Susceptible	I135V, Y181C, M184V, G196E, T200A, Q207E, R211K, T215Y	3.0
206442	87174	2012	0.4	Susceptible	0.3	Susceptible	0.3	Susceptible	0.3	Susceptible	V60I, K70R, M184V, F214L, K219Q	4.0
259174	114891	2013	1.2	Susceptible	1.6	Susceptible	1.4	Susceptible	1.5	Susceptible	P4S, E6D, K122E, D123N, I142V, S162C, D177E, I178L, R211K	4.0
40586	5966	2013	33.0	Resistant	100.0	Resistant	1.0	Susceptible	1.1	Susceptible	M41L, K101H, I135T, M184V, G190A, L210W, R211K, T215Y	0.0
259234	114912	2014	1.2	Susceptible	0.9	Susceptible	1.1	Susceptible	1.2	Susceptible	F171Y, D177E, T200A, Q207T, R211K	3.0
259236	114912	2014	18.2	Resistant	22.2	Resistant	11.1	Resistant	10.4	Resistant	F171Y, D177E, T200A, Q207T, R211K	3.0
51811	14270	2013	2.1	Susceptible	2.6	Susceptible	4.2	Resistant	3.2	Resistant	E6D, K122E, E138A, I142T, D177E, I178M, I195L, I202V, R211K	4.0
40792	9799	2013	1.1	Susceptible	0.4	Susceptible	1.7	Susceptible	1.8	Susceptible	I31V, D67N, T69N, D123E, E138K, D177E, M184V, G196E, K219Q, D237E	4.0
69215	22109	2012	2.1	Susceptible	100.0	Resistant	53.0	Resistant	25.0	Resistant	K20R, M41L, L74V, I135T, Y181V, R211K, T215Y	0.0
235694	102632	2013	100.0	Resistant	100.0	Resistant	11.0	Resistant	37.0	Resistant	M41L, K43Q, V60I, D67N, T69D, L100I, K103N, I135L, E138G, I142V, I178L, M184V, G196E, Q207E, T215Y	4.0
5071	1435	2013	100.0	Resistant	100.0	Resistant	9.6	Resistant	6.0	Resistant	V35K, M41L, V60I, D67N, T69D, K70R, L74V, K101E, K104N, V118I, K122E, I135T, S162D, Y181C, M184V, G190S, F214L, T215F, K219Q	0.0
259180	114894	2013	58.0	Resistant	100.0	Resistant	10.0	Resistant	2.7	Susceptible	P4T, E6K, K20R, M41L, K43E, E44D, D67N, L74I, K101E, V118I, K122E, S162A, V179F, Y181C, M184V, G190A, I195K, L210W, R211K, T215Y, K219N	1.0
257944	114203	2013	1.1	Susceptible	1.1	Susceptible	0.9	Susceptible	1.0	Susceptible	V35T, T39E, K46T, E53D, V60I, K101Q, K122E, D123S, I135K, K166R, K173A, D177E, T200A, Q207E, R211K	2.0
259178	114893	2013	1.3	Susceptible	1.0	Susceptible	1.2	Susceptible	1.1	Susceptible	K20R, K122E, R211K	1.0
216608	92345	2012	0.5	Susceptible	0.5	Susceptible	0.6	Susceptible	0.5	Susceptible	V35L, T39A, R83K, D123E, Q174H, G196E, T200I	0.0
51927	14341	2013	2.5	Susceptible	7.2	Resistant	1.3	Susceptible	1.3	Susceptible	E28K, V35M, M41L, T69N, K70R, R83K, K101E, K122P, S162C, D177E, M184V, I195L	2.0
51864	14293	2013	1.6	Susceptible	1.2	Susceptible	2.9	Susceptible	1.8	Susceptible	V35M, T39S, R83K, D123E, E138A, I202V, R211K	0.0
257930	114196	2013	0.7	Susceptible	0.6	Susceptible	0.7	Susceptible	0.7	Susceptible	K122E, I135T, S162C, M184V, G196E	4.0
216606	92344	2012	1.2	Susceptible	1.2	Susceptible	1.2	Susceptible	1.4	Susceptible	K22R, V106I, I178L, R211K	4.0
87163	30202	2012	24.0	Resistant	17.0	Resistant	0.7	Susceptible	0.5	Susceptible	K65R, K102R, K103N, A158T, M184V, T200E, R211K, L234I	4.0
205680	4992	2011	5.8	Resistant	100.0	Resistant	0.7	Susceptible	2.0	Susceptible	V35T, K43R, K64Y, D67N, K70R, L74I, K103S, V106A, D123E, D177E, M184V, G196E, T200A, R211S, T215F, K219Q, L228H	0.0
259250	114916	2014	0.6	Susceptible	0.2	Susceptible	0.6	Susceptible	0.6	Susceptible	V35T, V60I, I135V, S162A, K173T, Q174K, D177E, I178M, T200A, Q207E, R211K	2.0
235702	102636	2013	100.0	Resistant	100.0	Resistant	100.0	Resistant	100.0	Resistant	E6K, D67N, T69D, K102Q, K103N, V118I, K122E, V179I, Y181C, Y188L, T200A, Q207N, R211K, F214L, H221Y	2.0
259186	114897	2013	12.0	Resistant	38.0	Resistant	0.9	Susceptible	0.9	Susceptible	V35I, S48T, K103N, T200I, E203D, Q207E	4.0
259182	114895	2013	100.0	Resistant	100.0	Resistant	1.7	Susceptible	30.0	Resistant	K20R, V35L, M41L, K43E, D67N, T69N, K70R, K102Q, K103N, K122E, D123E, D177N, M184V, Y188L, G196E, I202V, R211T, T215F, D218E, K219Q	2.0
41769	5180	2013	100.0	Resistant	82.0	Resistant	9.7	Resistant	9.8	Resistant	V90I, L100I, K103N, D123E, I135V, G196E	0.0
257948	114205	2013	2.5	Susceptible	4.5	Resistant	2.0	Susceptible	2.0	Susceptible	V90I, D123E, I202V, E204Q, Q207D, R211K	1.0
16297	3972	2013	0.8	Susceptible	2.6	Susceptible	0.6	Susceptible	0.7	Susceptible	E40F, M41L, K43E, D67N, L74I, K101H, V118I, K122E, S162C, E169D, H208Y, L210W, R211K, T215Y, K219N	1.0
235708	102639	2013	0.6	Susceptible	0.3	Susceptible	0.6	Susceptible	0.6	Susceptible	V35I, F171Y, T200A, I202V	3.0
52040	14402	2013	1.2	Susceptible	1.8	Susceptible	2.4	Susceptible	1.9	Susceptible	R83K, K122E, D123G, E138A, K166R, T200E, R211K	3.0
39541	1458	2013	1.2	Susceptible	100.0	Resistant	4.1	Resistant	13.0	Resistant	T7A, M41L, K43E, D67N, K101Q, V106I, D123E, I135L, Y181I, M184V, Q197L, L210W, R211K, T215Y	1.0
259262	114919	2014	5.1	Resistant	7.7	Resistant	3.0	Resistant	1.9	Susceptible	T39S, S48T, V60I, S68G, K102Q, A158S, I178L, V179D, R211K	3.0
41809	6437	2013	2.3	Susceptible	100.0	Resistant	3.2	Resistant	2.6	Susceptible	M41L, K43N, E44D, V75M, K101E, V118I, D123E, D177E, Y181C, E203D, Q207E, H208Y, L210W, R211K, T215Y, K219N	1.0
205155	2100	2012	100.0	Resistant	100.0	Resistant	5.8	Resistant	92.0	Resistant	V35I, M41L, D67G, L74I, L100I, K103R, K122E, V179D, M184V, I202V, R211K, T215Y, M230L, T240K	4.0
257934	114198	2013	1.0	Susceptible	0.7	Susceptible	1.0	Susceptible	1.0	Susceptible	I135V, P176S, D177E	0.0
207304	87605	2012	67.0	Resistant	100.0	Resistant	11.0	Resistant	14.0	Resistant	K20R, L74V, K103N, V108I, Y181C, M184V, T200A, R211K, H221Y, L228H	1.0
259258	114918	2014	1.1	Susceptible	1.4	Susceptible	1.3	Susceptible	1.3	Susceptible	S48T, R211N	1.0
40011	5106	2013	100.0	Resistant	100.0	Resistant	6.0	Resistant	10.0	Resistant	M41L, L74V, L100I, K103N, K122E, I135T, I178L, R211K, T215Y	2.0
205668	86795	2012	100.0	Resistant	100.0	Resistant	11.0	Resistant	5.5	Resistant	V35M, K70E, K102Q, K103N, D123E, S162C, K173E, Q174R, I178L, M184V, T200A, R211K, L228H, M230L, L234I	3.0
75751	1467	2012	100.0	Resistant	100.0	Resistant	1.6	Susceptible	2.8	Susceptible	M41L, A62V, D67N, T69D, V75I, R83K, K103N, V108I, F116Y, D123E, Q151M, K166R, D177E, I202V, L210W, T215Y, M230L	4.0
257964	114213	2013	2.8	Susceptible	5.5	Resistant	2.3	Susceptible	2.7	Susceptible	R83K, K122E, S162A, Q174G, G196E, T200A, Q207E	3.0
205164	1579	2012	15.0	Resistant	100.0	Resistant	21.0	Resistant	18.0	Resistant	M41L, K122E, E138G, D177E, I178L, L210W, R211K, T215Y, H221Y, F227L, M230L	3.0
235720	102645	2013	100.0	Resistant	100.0	Resistant	1.2	Susceptible	1.4	Susceptible	K20R, V60I, V90I, K101Q, K103N, V108I, I135V, I142V, D177E, M184I, T200I, R211K, T215D	3.0
259196	114902	2013	32.0	Resistant	100.0	Resistant	0.6	Susceptible	0.6	Susceptible	M41L, K43Q, E44D, V60I, D67N, K101H, V118I, K122P, D123E, I135T, I142V, D177E, M184V, G190A, G196E, E203K, Q207E, L210W, R211K, T215Y	2.0
259266	114920	2014	0.8	Susceptible	0.4	Susceptible	0.7	Susceptible	0.8	Susceptible	V35I, D123E, I135T, K173T, Q174K, D177E, G196E, T200K, Q207A	0.0
259268	114920	2014	1.1	Susceptible	100.0	Resistant	10.0	Resistant	22.8	Resistant	K20R, V35I, D123E, I135T, K173T, Q174K, D177E, Y181I, M184V, G196E, T200K, Q207A	0.0
39949	9644	2013	100.0	Resistant	100.0	Resistant	0.5	Susceptible	0.5	Susceptible	V35I, M41L, K43E, V60I, D67N, V75M, K101E, V118I, D121Y, K122E, Q174K, D177E, I178M, G190S, T200A, Q207A, L210W, R211K, T215Y	0.0
258508	114481	2013	0.7	Susceptible	0.4	Susceptible	0.8	Susceptible	0.7	Susceptible	E6K, V35I, K122E, I142M, S162C, R211K	1.0
52334	14578	2013	2.0	Susceptible	100.0	Resistant	5.5	Resistant	2.6	Susceptible	D67N, K70R, I135T, S162C, Y181C, M184V, Q207K, R211Q, K219Q, H221Y	0.0
235710	102640	2013	100.0	Resistant	100.0	Resistant	1.4	Susceptible	8.2	Resistant	S3C, E28R, K32E, V35M, M41L, L74I, R83K, A98G, K101E, K103N, V108I, S162A, E169D, D177E, I178L, M184V, G196E, T200A, E203D, Q207E, L210W, R211K, T215Y, L228H	0.0
40507	7853	2013	100.0	Resistant	100.0	Resistant	3.0	Resistant	100.0	Resistant	V60I, K64Y, D67N, K70R, K101P, T139M, M184V, G190A, K219Q, E224D, L228H	3.0
52285	14550	2013	1.7	Susceptible	100.0	Resistant	4.0	Resistant	2.2	Susceptible	Y181C, F214L, H221Y	4.0
52212	4304	2013	2.0	Susceptible	100.0	Resistant	57.0	Resistant	100.0	Resistant	D67G, S68G, K70R, K101Q, K122E, V179I, Y181I, I195T, Q207E, R211K, F214L, K219Q, H221Y, L228H	4.0
257966	114214	2013	0.9	Susceptible	0.6	Susceptible	1.0	Susceptible	1.0	Susceptible	V35T, D177E	4.0
40227	5280	2013	76.0	Resistant	100.0	Resistant	1.5	Susceptible	5.5	Resistant	K122E, A158S, E169D, M184V, Y188L, G196D, Q207K, T215F	4.0
205671	86798	2012	0.6	Susceptible	0.4	Susceptible	0.4	Susceptible	0.5	Susceptible	K70E, K102Q, D123E, S162C, M184V, R211K	2.0
259192	114900	2013	100.0	Resistant	100.0	Resistant	1.5	Susceptible	3.4	Resistant	P4T, E6D, K20R, A33G, V60I, D67N, T69N, K70R, L74I, K101E, K103S, V118I, D123E, I135T, E138A, M184V, G190A, D192N, I195K, G196E, E203K, R211A, F214L, K219Q, H221Y	0.0
173551	70585	2012	13.0	Resistant	26.0	Resistant	4.8	Resistant	33.0	Resistant	K20R, V35L, T39A, K101P, K122E, I135R, D177E, I178M, R211K	2.0
216594	92338	2012	0.6	Susceptible	0.7	Susceptible	0.6	Susceptible	0.6	Susceptible	R83K, I135T, S162Y, I178L, F214L	4.0
183257	4825	2012	100.0	Resistant	100.0	Resistant	100.0	Resistant	100.0	Resistant	K20R, V35I, K103N, K122E, Y181C, T200A, R211K, F227C, M230L	2.0
51986	1160	2013	2.4	Susceptible	9.1	Resistant	1.0	Susceptible	1.0	Susceptible	E28K, S68G, A98S, K101E, D123E, I135V, M184V, R211K, T215Y	3.0
259206	114905	2014	34.7	Resistant	100.0	Resistant	100.0	Resistant	91.0	Resistant	V35I, D67G, A98S, K101E, K122E, D123G, Y181C, M184I, T200A, K219E, M230L	0.0
259204	114905	2014	0.7	Susceptible	0.6	Susceptible	0.8	Susceptible	0.8	Susceptible	V35I, A98S, K122E, R211K	0.0
205676	22101	2011	3.9	Resistant	100.0	Resistant	2.4	Susceptible	1.3	Susceptible	V35R, M41L, K49R, V60I, K64H, D67N, T69N, K70R, V108I, K122Q, I135T, S162D, D177E, Y181C, M184V, V189I, T200A, T215F, D218E, K219Q, L228R	3.0
259212	114907	2014	0.7	Susceptible	0.6	Susceptible	0.7	Susceptible	0.8	Susceptible	V8I, K20R, R211K	1.0
235714	102642	2013	0.8	Susceptible	0.5	Susceptible	0.6	Susceptible	0.6	Susceptible	K20R, T39A, R83K, M184V, E224D	0.0
40186	9682	2013	1.2	Susceptible	1.6	Susceptible	1.6	Susceptible	1.4	Susceptible	M41L, V60I, D67N, K101E, I135T, E138A, M184V, R211K, T215F, D218E, K219Q	3.0
56595	16190	2012	100.0	Resistant	100.0	Resistant	100.0	Resistant	100.0	Resistant	D67N, K70R, V90I, K101P, K102R, K103N, K122E, I135V, Q151M, G196E, Q207K, R211A, K219Q	1.0
205674	16315	2011	25.0	Resistant	100.0	Resistant	1.3	Susceptible	1.5	Susceptible	K64H, D67N, T69N, K70R, V90I, K103N, V118I, I135M, T215E, K219Q	4.0
259238	114913	2014	0.9	Susceptible	0.7	Susceptible	0.8	Susceptible	0.7	Susceptible	A98S, K122E, D177E, G196E, R211S	0.0
205666	86793	2012	21.0	Resistant	100.0	Resistant	0.9	Susceptible	1.2	Susceptible	V35I, R83K, K103N, D123E, S162C, D177E, I178R, V179F	0.0
76273	25070	2013	0.3	Susceptible	0.1	Susceptible	0.3	Susceptible	0.3	Susceptible	V60A, D67G, K103R, V118I, D123N, E138K, T165I, M184V, I202V, F214L	2.0
205672	86799	2012	100.0	Resistant	100.0	Resistant	2.1	Susceptible	0.7	Susceptible	D67G, K70E, K102Q, V106M, Y115F, D123E, I142V, S162C, E169D, K173Q, I178L, V179D, M184V, T200A	1.0
259176	114892	2013	58.0	Resistant	100.0	Resistant	1.9	Susceptible	4.0	Resistant	V35T, M41L, V60I, K122E, D177E, Y188L, G196E, T215D	0.0
259228	114911	2014	0.6	Susceptible	0.4	Susceptible	0.7	Susceptible	0.7	Susceptible	V35I, K122E, D123N, I135L, S162C, K173N, Q174K, V179I, G196E	1.0
259230	114911	2014	0.7	Susceptible	100.0	Resistant	53.2	Resistant	27.7	Resistant	V35I, V90I, K122E, D123N, I135L, S162C, Q174K, V179I, Y181I, M184V, G196E	1.0
259232	114911	2014	0.7	Susceptible	100.0	Resistant	67.7	Resistant	32.1	Resistant	V35I, V90I, K122E, D123N, I135L, S162C, Q174K, V179I, Y181I, M184V, G196E	1.0
235698	102634	2013	1.0	Susceptible	1.0	Susceptible	0.9	Susceptible	1.0	Susceptible	V60I, R83K, Q174L	1.0
259244	114914	2014	100.0	Resistant	91.8	Resistant	11.6	Resistant	15.6	Resistant	V35I, L74V, L100I, K103N, M184V, Q207A, R211K, P225H	2.0
259242	114914	2014	0.8	Susceptible	0.8	Susceptible	0.8	Susceptible	0.9	Susceptible	V35I, R83K, Q207A, R211K	2.0
75949	16536	2013	0.6	Susceptible	0.6	Susceptible	0.7	Susceptible	0.8	Susceptible	K20R, V35L, V75T, R83K, S162N, T165I, F214L, H221Y	2.0
40145	1333	2013	100.0	Resistant	100.0	Resistant	4.4	Resistant	7.5	Resistant	K20R, V60I, T69N, K70R, I142V, V179D, Y188L, R211K	4.0
41121	3866	2013	83.0	Resistant	100.0	Resistant	3.4	Resistant	3.3	Resistant	D67N, K70R, V90I, K101E, S162N, M184V, G190A, E203D, R211K, K219H	0.0
51860	14290	2013	100.0	Resistant	100.0	Resistant	3.2	Resistant	3.6	Resistant	E6D, K103N, D123E, I135T, S162A, M184V, T200I, E204Q, Q207E, F214L, M230L	2.0
216596	92339	2012	1.6	Susceptible	100.0	Resistant	4.1	Resistant	2.2	Susceptible	D67G, K70E, V90I, K122E, S162F, Y181C, T200E, R211Q	3.0
205162	5375	2012	3.6	Resistant	100.0	Resistant	10.0	Resistant	9.2	Resistant	M41L, A98G, K101E, K122E, I135T, E138K, S162Y, Y181C, T200A, L210F, T215D	3.0
41154	6854	2013	2.9	Susceptible	100.0	Resistant	7.1	Resistant	3.4	Resistant	K20R, Y115F, K122E, Y181C, M184V, R211K, F214L, H221Y	2.0
